대분류명,소분류명,서비스상태,서비스명,결제방법,장소명,서비스대상,longitude,latitude
체육시설,테니스장,접수중,"탄천센터 테니스장 1면(일원1,개포3동 주민 대상)",무료,서울물재생시설공단>탄천물재생센터, 제한없음,127.07937089232,37.496830858969
체육시설,테니스장,접수중,"탄천센터 테니스장 2면(일원1,개포3동 주민 대상)",무료,서울물재생시설공단>탄천물재생센터, 제한없음,127.07937089232,37.496830858969
체육시설,족구장,접수중,에코파크 족구장 1면,무료,에코파크, 제한없음,127.08817787505,37.495187838167
체육시설,풋살장,접수중,에코파크 풋살장,무료,에코파크, 제한없음,127.08817787505,37.495187838167
체육시설,족구장,접수중,에코파크 족구장 2면,무료,에코파크, 제한없음,127.08817787505,37.495187838167
체육시설,테니스장,접수중,마루공원 테니스장 1면,무료,마루공원, 제한없음,127.08065924405156,37.49523951079615
체육시설,테니스장,접수중,마루공원 테니스장 2면,무료,마루공원, 제한없음,127.08065924405156,37.49523951079615
체육시설,테니스장,예약마감,마루공원 테니스장 3면,무료,마루공원, 제한없음,127.08065924405156,37.49523951079615
체육시설,풋살장,접수중,마루공원 풋살장 1면,무료,마루공원, 제한없음,127.08065924405156,37.49523951079615
체육시설,족구장,접수중,마루공원 족구장 1면,무료,마루공원, 제한없음,127.08065924405156,37.49523951079615
체육시설,족구장,접수중,마루공원 족구장 2면,무료,마루공원, 제한없음,127.08065924405156,37.49523951079615
체육시설,족구장,접수중,마루공원 족구장 3면,무료,마루공원, 제한없음,127.08065924405156,37.49523951079615
체육시설,축구장,접수중,탄천센터 축구장,무료,탄천센터, 제한없음,127.076439691178,37.4972726699605
체육시설,풋살장,접수중,마루공원 풋살장 2면,무료,마루공원, 제한없음,127.08092469666472,37.49531030824542
체육시설,족구장,접수중,2023년 족구장2 (안내센터상류)-광나루한강공원,유료,광나루한강공원>족구장2(안내센터상류), 제한없음,127.1228844196981,37.55318416385411
체육시설,족구장,접수중,2023년 족구장3 (안내센터상류)-광나루한강공원,유료,광나루한강공원>족구장3(안내센터상류), 제한없음,127.12289572152544,37.553175142254325
체육시설,야구장,접수중,2023년 광나루 어린이야구장(5월~),유료,광나루한강공원>어린이야구장, 어린이,127.11532021382494,37.540006581531294
체육시설,야구장,접수중,2023년 광나루 성인야구장(평일)-광나루한강공원,유료,광나루한강공원>성인야구장, 성인,127.11313636349792,37.53847158849456
체육시설,야구장,접수중,2023년 광나루 성인야구장(토/일/공휴일)-광나루한강공원,유료,광나루한강공원>성인야구장, 제한없음,127.11313636349792,37.53847158849456
체육시설,축구장,접수중,2023년 축구장2-광나루한강공원,유료,광나루한강공원>축구장 2, 제한없음,127.12231538484988,37.55123499620423
체육시설,족구장,접수중,2023년 족구장1 (안내센터상류)-광나루한강공원,유료,광나루한강공원>족구장1(안내센터상류), 제한없음,127.12292293544864,37.553207549476966
체육시설,농구장,접수중,2023년 농구장1-광나루한강공원,유료,"광나루한강공원>농구장 1, 2 ", 제한없음,127.12294525264927,37.55301471283899
체육시설,농구장,접수중,2023년 농구장2-광나루한강공원,유료,"광나루한강공원>농구장 1, 2 ", 제한없음,127.12294525264927,37.55301471283899
체육시설,축구장,접수중,2023년 축구장1-광나루한강공원,유료,광나루한강공원>축구장 1, 제한없음,127.12266779878298,37.55220950966281
체육시설,축구장,접수중,2023년 축구장3-광나루한강공원,유료,광나루한강공원>축구장 3, 제한없음,127.1158915314405,37.540679970000994
체육시설,배구장,접수중,2023년 배구장1 (안내센터상류)-광나루한강공원,유료,"광나루 배구장1,2", 제한없음,127.12248003426048,37.55183485975812
체육시설,배구장,접수중,2023년 배구장2 (안내센터 상류)-광나루한강공원,유료,"광나루 배구장1,2", 제한없음,127.12248003426048,37.55183485975812
체육시설,테니스장,안내중,&lt;&#39;23.6 월&gt;광나루한강공원 테니스장 4번 코트 - 저녁,유료,광나루 한강공원 테니스장, 제한없음,127.12227,37.54996
체육시설,테니스장,안내중,&lt;&#39;23.6월&gt;광나루한강공원 테니스장 5번 코트 - 저녁,유료,광나루 한강공원 테니스장, 제한없음,127.12227,37.54996
체육시설,테니스장,예약마감,&lt;&#39;23.5 월&gt;광나루한강공원 테니스장 5번 코트 - 저녁,유료,광나루 한강공원 테니스장, 제한없음,127.12227,37.54996
체육시설,테니스장,예약마감,&lt;&#39;23.5 월&gt;광나루한강공원 테니스장 4번 코트 - 저녁,유료,광나루 한강공원 테니스장, 제한없음,127.12227,37.54996
체육시설,테니스장,접수중,&lt;&#39;23. 5월&gt;광나루 한강공원 테니스장5 번 코트 - 토/일/공휴일,유료,광나루 한강공원 테니스장, 제한없음,127.12227,37.54996
체육시설,테니스장,접수중,&lt;&#39;23. 5월&gt;광나루 한강공원 테니스장8번 코트 - 토/일/공휴일,유료,광나루 한강공원 테니스장, 제한없음,127.12227,37.54996
체육시설,테니스장,접수중,&lt;&#39;23. 5월&gt;광나루 한강공원 테니스장6 번 코트 - 토/일/공휴일,유료,광나루 한강공원 테니스장, 제한없음,127.12227,37.54996
체육시설,테니스장,접수중,&lt;&#39;23. 5월&gt;광나루 한강공원 테니스장7번 코트 - 토/일/공휴일,유료,광나루 한강공원 테니스장, 제한없음,127.12227,37.54996
체육시설,테니스장,예약마감,&lt;&#39;23. 5월&gt;광나루 한강공원 테니스장4 번 코트 - 토/일/공휴일,유료,광나루 한강공원 테니스장, 제한없음,127.12227,37.54996
체육시설,테니스장,접수중,&lt;&#39;23. 5월&gt;광나루한강공원 테니스장 5번 코트 - 평일,유료,광나루 한강공원 테니스장, 제한없음,127.12227,37.54996
체육시설,테니스장,접수중,&lt;&#39;23. 5월&gt;광나루한강공원 테니스장 4번 코트 - 평일,유료,광나루 한강공원 테니스장, 제한없음,127.12227,37.54996
체육시설,테니스장,접수중,&lt;&#39;23.5 월&gt;광나루한강공원 테니스장 6번 코트 - 평일,유료,광나루 한강공원 테니스장, 제한없음,127.12227,37.54996
체육시설,테니스장,접수중,&lt;&#39;23.5 월&gt;광나루한강공원 테니스장 7번 코트 - 평일,유료,광나루 한강공원 테니스장, 제한없음,127.12227,37.54996
체육시설,테니스장,접수중,&lt;&#39;23.5 월&gt;광나루한강공원 테니스장 8번 코트 - 평일,유료,광나루 한강공원 테니스장, 제한없음,127.12227,37.54996
체육시설,테니스장,예약마감,&lt;&#39;23.5 월&gt;광나루한강공원 테니스장 8번 코트 - 저녁,유료,광나루 한강공원 테니스장, 제한없음,127.12227,37.54996
체육시설,테니스장,예약마감,&lt;&#39;23.5 월&gt;광나루한강공원 테니스장 7번 코트 - 저녁,유료,광나루 한강공원 테니스장, 제한없음,127.12227,37.54996
체육시설,테니스장,예약마감,&lt;&#39;23.5 월&gt;광나루한강공원 테니스장 6번 코트 - 저녁,유료,광나루 한강공원 테니스장, 제한없음,127.12227,37.54996
체육시설,테니스장,안내중,&lt;&#39;23.6월&gt;광나루한강공원 테니스장 6번 코트 - 저녁,유료,광나루 한강공원 테니스장, 제한없음,127.12227,37.54996
체육시설,테니스장,안내중,&lt;&#39;23.6 월&gt;광나루한강공원 테니스장 7번 코트 - 저녁,유료,광나루 한강공원 테니스장, 제한없음,127.12227,37.54996
체육시설,테니스장,안내중,&lt;&#39;23.6 월&gt;광나루한강공원 테니스장 8번 코트 - 저녁,유료,광나루 한강공원 테니스장, 제한없음,127.12227,37.54996
체육시설,테니스장,안내중,&lt;&#39;23.6 월&gt;광나루한강공원 테니스장 8번 코트 - 평일,유료,광나루 한강공원 테니스장, 제한없음,127.12227,37.54996
체육시설,테니스장,안내중,&lt;&#39;23.6 월&gt;광나루한강공원 테니스장 7번 코트 - 평일,유료,광나루 한강공원 테니스장, 제한없음,127.12227,37.54996
체육시설,테니스장,안내중,&lt;&#39;23.6 월&gt;광나루한강공원 테니스장 6번 코트 - 평일,유료,광나루 한강공원 테니스장, 제한없음,127.12227,37.54996
체육시설,테니스장,안내중,&lt;&#39;23. 6월&gt;광나루한강공원 테니스장 5번 코트 - 평일,유료,광나루 한강공원 테니스장, 제한없음,127.12227,37.54996
체육시설,테니스장,안내중,&lt;&#39;23. 6월&gt;광나루한강공원 테니스장 4번 코트 - 평일,유료,광나루 한강공원 테니스장, 제한없음,127.12227,37.54996
체육시설,테니스장,안내중,&lt;&#39;23. 6월&gt;광나루 한강공원 테니스장4 번 코트 - 토/일/공휴일,유료,광나루 한강공원 테니스장, 제한없음,127.12227,37.54996
체육시설,테니스장,안내중,&lt;&#39;23. 6월&gt;이촌 한강공원 테니스장4 번 코트 - 토/일/공휴일,유료,광나루 한강공원 테니스장, 제한없음,127.12227,37.54996
체육시설,테니스장,안내중,&lt;&#39;23. 6월&gt;이촌 한강공원 테니스장5 번 코트 - 토/일/공휴일,유료,광나루 한강공원 테니스장, 제한없음,127.12227,37.54996
체육시설,테니스장,안내중,&lt;&#39;23. 6월&gt;이촌 한강공원 테니스장6 번 코트 - 토/일/공휴일,유료,광나루 한강공원 테니스장, 제한없음,127.12227,37.54996
체육시설,테니스장,안내중,&lt;&#39;23. 6월&gt;이촌 한강공원 테니스장7 번 코트 - 토/일/공휴일,유료,광나루 한강공원 테니스장, 제한없음,127.12227,37.54996
체육시설,테니스장,안내중,&lt;&#39;23. 6월&gt;이촌 한강공원 테니스장8 번 코트 - 토/일/공휴일,유료,광나루 한강공원 테니스장, 제한없음,127.12227,37.54996
체육시설,테니스장,안내중,&lt;&#39;23.6 월&gt;이촌한강공원 테니스장 4번 코트 - 저녁,유료,광나루 한강공원 테니스장, 제한없음,127.12227,37.54996
체육시설,테니스장,안내중,&lt;&#39;23.6 월&gt;이촌한강공원 테니스장 6번 코트 - 저녁,유료,광나루 한강공원 테니스장, 제한없음,127.12227,37.54996
체육시설,테니스장,안내중,&lt;&#39;23.6 월&gt;이촌한강공원 테니스장 7번 코트 - 저녁,유료,광나루 한강공원 테니스장, 제한없음,127.12227,37.54996
체육시설,테니스장,안내중,&lt;&#39;23.6 월&gt;이촌한강공원 테니스장 8번 코트 - 저녁,유료,광나루 한강공원 테니스장, 제한없음,127.12227,37.54996
체육시설,테니스장,안내중,&lt;&#39;23. 6월&gt;광나루 한강공원 테니스장5 번 코트 - 토/일/공휴일,유료,광나루 한강공원 테니스장, 제한없음,127.12227,37.54996
체육시설,테니스장,안내중,&lt;&#39;23. 6월&gt;광나루 한강공원 테니스장6 번 코트 - 토/일/공휴일,유료,광나루 한강공원 테니스장, 제한없음,127.12227,37.54996
체육시설,테니스장,안내중,&lt;&#39;23. 6월&gt;광나루 한강공원 테니스장7번 코트 - 토/일/공휴일,유료,광나루 한강공원 테니스장, 제한없음,127.12227,37.54996
체육시설,테니스장,안내중,&lt;&#39;23. 6월&gt;광나루 한강공원 테니스장8번 코트 - 토/일/공휴일,유료,광나루 한강공원 테니스장, 제한없음,127.12227,37.54996
체육시설,족구장,접수중,2023년 족구장1-강서한강공원,유료,"강서한강공원>족구장(1,2)", 제한없음,126.82144004654432,37.58468979624671
체육시설,족구장,접수중,2023년 족구장2 (방화대교 하부)-강서한강공원,유료,"강서한강공원>족구장(1,2)", 제한없음,126.82144004654432,37.58468979624671
체육시설,테니스장,접수중,서남센터 테니스장1번 경로+지역 전용코트(평일),유료,서남물재생센터, 제한없음,126.82589611618,37.577287681053
체육시설,테니스장,접수중,서남센터 테니스장2번 경로+지역 전용코트(평일),유료,서남물재생센터, 제한없음,126.82589611618,37.577287681053
체육시설,테니스장,접수중,서남센터 테니스장3번 지역주민 전용코트(평일),유료,서남물재생센터, 제한없음,126.82589611618,37.577287681053
체육시설,테니스장,접수중,서남센터 테니스장4번 지역주민 전용코트(평일),유료,서남물재생센터, 제한없음,126.82589611618,37.577287681053
체육시설,테니스장,접수중,서남센터 테니스장5번 코트(평일),유료,서남물재생센터, 제한없음,126.82589611618,37.577287681053
체육시설,테니스장,접수중,서남센터 테니스장6번 코트(평일),유료,서남물재생센터, 제한없음,126.82589611618,37.577287681053
체육시설,테니스장,접수중,서남센터 테니스장7번 코트(평일),유료,서남물재생센터, 제한없음,126.82589611618,37.577287681053
체육시설,테니스장,예약마감,서남센터 테니스장8번 코트(평일),유료,서남물재생센터, 제한없음,126.82589611618,37.577287681053
체육시설,테니스장,접수중,서남센터 테니스장9번 코트(평일),유료,서남물재생센터, 제한없음,126.82589611618,37.577287681053
체육시설,테니스장,예약마감,서남센터 테니스장10번 코트(평일),유료,서남물재생센터, 제한없음,126.82589611618,37.577287681053
체육시설,테니스장,접수중,서남센터 테니스장11번 코트(평일)-수요일만 가능,유료,서남물재생센터, 제한없음,126.82589611618,37.577287681053
체육시설,테니스장,접수중,서남센터 테니스장12번 코트(평일)-수요일만 가능,유료,서남물재생센터, 제한없음,126.82589611618,37.577287681053
체육시설,테니스장,접수중,서남센터 테니스장1번 경로+지역 전용코트(주말/공휴일),유료,서남물재생센터, 제한없음,126.82589611618,37.577287681053
체육시설,테니스장,접수중,서남센터 테니스장2번 경로+지역 전용코트(주말/공휴일),유료,서남물재생센터, 제한없음,126.82589611618,37.577287681053
체육시설,테니스장,접수중,서남센터 테니스장3번 지역주민 전용코트(주말/공휴일),유료,서남물재생센터, 제한없음,126.82589611618,37.577287681053
체육시설,테니스장,접수중,서남센터 테니스장4번 지역주민 전용코트(주말/공휴일),유료,서남물재생센터, 제한없음,126.82589611618,37.577287681053
체육시설,테니스장,접수중,서남센터 테니스장5번 코트(주말/공휴일),유료,서남물재생센터, 제한없음,126.82589611618,37.577287681053
체육시설,테니스장,접수중,서남센터 테니스장6번 코트(주말/공휴일),유료,서남물재생센터, 제한없음,126.82589611618,37.577287681053
체육시설,테니스장,접수중,서남센터 테니스장7번 코트(주말/공휴일),유료,서남물재생센터, 제한없음,126.82589611618,37.577287681053
체육시설,테니스장,예약마감,서남센터 테니스장8번 코트(주말/공휴일),유료,서남물재생센터, 제한없음,126.82589611618,37.577287681053
체육시설,테니스장,예약마감,서남센터 테니스장9번 코트(주말/공휴일),유료,서남물재생센터, 제한없음,126.82589611618,37.577287681053
체육시설,테니스장,예약마감,서남센터 테니스장10번 코트(주말/공휴일),유료,서남물재생센터, 제한없음,126.82589611618,37.577287681053
체육시설,테니스장,접수중,서남센터 테니스장11번 코트(주말/공휴일),유료,서남물재생센터, 제한없음,126.82589611618,37.577287681053
체육시설,테니스장,접수중,서남센터 테니스장12번 코트(주말/공휴일),유료,서남물재생센터, 제한없음,126.82589611618,37.577287681053
체육시설,탁구장,접수중,서남센터 탁구장(1번탁구대),유료,서남물재생센터, 제한없음,126.82589611618,37.577287681053
체육시설,축구장,접수중,서남센터 축구장(평일),무료,서남물재생센터, 제한없음,126.82589611618,37.577287681053
체육시설,탁구장,접수중,서남센터 탁구장(2번탁구대),유료,서남물재생센터, 제한없음,126.82589611618,37.577287681053
체육시설,탁구장,접수중,서남센터 탁구장(3번탁구대),유료,서남물재생센터, 제한없음,126.82589611618,37.577287681053
체육시설,탁구장,접수중,서남센터 탁구장(4번탁구대),유료,서남물재생센터, 제한없음,126.82589611618,37.577287681053
체육시설,골프장,접수중,서남센터 파크골프장(18홀),유료,서남물재생센터, 제한없음,126.82589611618,37.577287681053
체육시설,테니스장,접수중,(2023) 강서구립 방화테니스장,무료,강서구립 방화테니스장, 제한없음,126.81769399103622,37.58378050273963
체육시설,축구장,접수중,(2023) 강서 개화축구장,유료(요금안내문의),강서 개화축구장, 제한없음,126.7876186781504,37.5783570443217
체육시설,풋살장,접수중,(2023)강서 개화 풋살장,유료(요금안내문의),강서 개화축구장>강서 개화풋살장, 제한없음,126.7876648346304,37.57826718920101
체육시설,농구장,접수중,2023년 농구장2-뚝섬한강공원,유료,뚝섬한강공원>농구장 2, 제한없음,127.0771340310736,37.527602986968816
체육시설,농구장,접수중,2023년 농구장3(장애인농구장)-뚝섬한강공원,유료,뚝섬한강공원>농구장 3(장애인농구장), 제한없음,127.07273535443076,37.52863021684605
체육시설,배드민턴장,접수중,2023년 배드민턴장2-뚝섬한강공원(실외),유료,뚝섬한강공원>배드민턴장 2, 제한없음,127.07740464667796,37.527827159278665
체육시설,배드민턴장,접수중,2023년 배드민턴장3-뚝섬한강공원(실외),유료,뚝섬한강공원>배드민턴장 3, 제한없음,127.07747699113824,37.5277694477905
체육시설,족구장,접수중,2023년 족구장2-뚝섬한강공원,유료,뚝섬한강공원>족구장 2, 제한없음,127.07748577997528,37.52751626049641
체육시설,축구장,접수중,2023년 축구장1(잠실대교 방향)-뚝섬한강공원,유료,뚝섬한강공원>축구장 1, 제한없음,127.0764002514537,37.52803684578285
체육시설,축구장,접수중,(야간)2023년 축구장1(잠실대교 방향)-뚝섬한강공원,유료,뚝섬한강공원>축구장 1, 제한없음,127.0764002514537,37.52803684578285
체육시설,축구장,접수중,2023년 축구장2(영동대교 방향)-뚝섬한강공원,유료,뚝섬한강공원>축구장 2, 제한없음,127.07545026347928,37.528354608910725
체육시설,축구장,접수중,(야간)2023년 축구장2(영동대교 방향)-뚝섬한강공원,유료,뚝섬한강공원>축구장 2, 제한없음,127.07545026347928,37.528354608910725
체육시설,농구장,접수중,2023년 농구장1-뚝섬한강공원,유료,뚝섬한강공원>농구장 1, 제한없음,127.0769700954793,37.52770490714091
체육시설,배드민턴장,접수중,2023년 배드민턴장1-뚝섬한강공원(실외),유료,뚝섬한강공원>배드민턴장 1, 제한없음,127.077341289825,37.52782449782219
체육시설,족구장,접수중,2023년 족구장1-뚝섬한강공원,유료,뚝섬한강공원>족구장 1, 제한없음,127.07745293350186,37.527479341054566
체육시설,축구장,예약마감,서울어린이대공원 축구장 6월 토&middot;일&middot;공휴일(주간)예약,유료,서울어린이대공원 잔디축구장, 제한없음,127.08438479753576,37.54784800614607
체육시설,축구장,접수중,서울어린이대공원 축구장 6월평일(야간)예약,유료,서울어린이대공원 잔디축구장, 제한없음,127.08438479753576,37.54784800614607
체육시설,축구장,예약마감,서울어린이대공원 축구장 6월 토&middot;일&middot;공휴일(야간)예약,유료,서울어린이대공원 잔디축구장, 제한없음,127.08438479753576,37.54784800614607
체육시설,축구장,접수중,서울어린이대공원 축구장 6월 평일(주간),유료,서울어린이대공원 잔디축구장, 제한없음,127.08438479753576,37.54784800614607
체육시설,테니스장,예약마감,어린이대공원 테니스장 B코트,유료,테니스장 B코트, 제한없음,127.08571177723894,37.54921933524233
체육시설,풋살장,접수중,어린이대공원 풋살장 3:3,유료,풋살장 3:3, 제한없음,127.0800436553119,37.55192207294898
체육시설,테니스장,예약마감,어린이대공원 테니스장 A코트,유료,테니스장 A코트, 제한없음,127.08576073560094,37.54920733875649
체육시설,풋살장,접수중,어린이대공원 풋살장 5:5,유료,풋살장 5:5, 제한없음,127.07997862263883,37.55191057468852
체육시설,농구장,접수중,2023년 농구장4(장애인농구장)-뚝섬한강공원,유료,뚝섬농구장(장애인), 제한없음,127.0727311334152,37.52861769499568
체육시설,테니스장,접수중, &lt;&#39;23. 5월&gt;뚝섬 한강공원 테니스장 4번 코트 - 토/일/공휴일,유료,뚝섬 한강공원 테니스장, 제한없음,127.07397,37.52935
체육시설,테니스장,예약마감,&lt;&#39;23. 5월&gt;뚝섬 한강공원 테니스장 3번 코트 - 토/일/공휴일,유료,뚝섬 한강공원 테니스장, 제한없음,127.07397,37.52935
체육시설,테니스장,예약마감,&lt;&#39;23. 5월&gt;뚝섬 한강공원 테니스장 2번 코트 - 토/일/공휴일,유료,뚝섬 한강공원 테니스장, 제한없음,127.07397,37.52935
체육시설,테니스장,안내중,&lt;&#39;23. 6월&gt;뚝섬 한강공원 테니스장 2번 코트 - 토/일/공휴일,유료,뚝섬 한강공원 테니스장, 제한없음,127.07397,37.52935
체육시설,테니스장,안내중,&lt;&#39;23. 6월&gt;뚝섬 한강공원 테니스장 3번 코트 - 토/일/공휴일,유료,뚝섬 한강공원 테니스장, 제한없음,127.07397,37.52935
체육시설,테니스장,안내중,&lt;&#39;23. 6월&gt;뚝섬 한강공원 테니스장 4번 코트 - 토/일/공휴일,유료,뚝섬 한강공원 테니스장, 제한없음,127.07397,37.52935
체육시설,테니스장,예약마감,&lt;&#39;23.5 월&gt; 뚝섬한강공원 테니스장 4번 코트 - 저녁,유료,뚝섬 한강공원 테니스장, 제한없음,127.0773272071124,37.5284269217162
체육시설,테니스장,예약마감,&lt;&#39;23. 5월&gt;뚝섬 한강공원 테니스장 2번 코트 - 평일,유료,뚝섬 한강공원 테니스장, 제한없음,127.0773272071124,37.5284269217162
체육시설,테니스장,예약마감,&lt;&#39;23. 5월&gt;뚝섬 한강공원 테니스장 3번 코트 - 평일,유료,뚝섬 한강공원 테니스장, 제한없음,127.0773272071124,37.5284269217162
체육시설,테니스장,예약마감,&lt;&#39;23. 5월&gt;뚝섬 한강공원 테니스장 4번 코트 - 평일,유료,뚝섬 한강공원 테니스장, 제한없음,127.0773272071124,37.5284269217162
체육시설,테니스장,접수중,&lt;&#39;23.5 월&gt; 뚝섬한강공원 테니스장 3번 코트 - 저녁,유료,뚝섬 한강공원 테니스장, 제한없음,127.0773272071124,37.5284269217162
체육시설,테니스장,예약마감,&lt;&#39;23.5 월&gt; 뚝섬한강공원 테니스장 2번 코트 - 저녁,유료,뚝섬 한강공원 테니스장, 제한없음,127.0773272071124,37.5284269217162
체육시설,테니스장,안내중,&lt;&#39;23. 6월&gt; 뚝섬한강공원 테니스장 2번 코트 - 저녁,유료,뚝섬 한강공원 테니스장, 제한없음,127.0773272071124,37.5284269217162
체육시설,테니스장,안내중,&lt;&#39;23.6 월&gt; 뚝섬한강공원 테니스장 3번 코트 - 저녁,유료,뚝섬 한강공원 테니스장, 제한없음,127.0773272071124,37.5284269217162
체육시설,테니스장,안내중,&lt;&#39;23.6 월&gt; 뚝섬한강공원 테니스장 4번 코트 - 저녁,유료,뚝섬 한강공원 테니스장, 제한없음,127.0773272071124,37.5284269217162
체육시설,테니스장,안내중,&lt;&#39;23. 6월&gt;뚝섬 한강공원 테니스장 2번 코트 - 평일,유료,뚝섬 한강공원 테니스장, 제한없음,127.0773272071124,37.5284269217162
체육시설,테니스장,안내중,&lt;&#39;23. 6월&gt;뚝섬 한강공원 테니스장 3번 코트 - 평일,유료,뚝섬 한강공원 테니스장, 제한없음,127.0773272071124,37.5284269217162
체육시설,테니스장,안내중,&lt;&#39;23. 6월&gt;뚝섬 한강공원 테니스장 4번 코트 - 평일,유료,뚝섬 한강공원 테니스장, 제한없음,127.0773272071124,37.5284269217162
체육시설,테니스장,안내중,&lt;&#39;23. 6월&gt;이촌 한강공원 테니스장 4번 코트 - 평일,유료,뚝섬 한강공원 테니스장, 제한없음,127.0773272071124,37.5284269217162
체육시설,테니스장,안내중,&lt;&#39;23. 6월&gt;이촌 한강공원 테니스장 5번 코트 - 평일,유료,뚝섬 한강공원 테니스장, 제한없음,127.0773272071124,37.5284269217162
체육시설,테니스장,안내중,&lt;&#39;23. 6월&gt;이촌 한강공원 테니스장 6번 코트 - 평일,유료,뚝섬 한강공원 테니스장, 제한없음,127.0773272071124,37.5284269217162
체육시설,테니스장,안내중,&lt;&#39;23. 6월&gt;이촌 한강공원 테니스장 7번 코트 - 평일,유료,뚝섬 한강공원 테니스장, 제한없음,127.0773272071124,37.5284269217162
체육시설,테니스장,안내중,&lt;&#39;23. 6월&gt;이촌 한강공원 테니스장 8번 코트 - 평일,유료,뚝섬 한강공원 테니스장, 제한없음,127.0773272071124,37.5284269217162
체육시설,테니스장,예약마감,5월계남테니스야외코트(평일야간),유료,계남근린공원, 제한없음,126.85584753847884,37.51020151253864
체육시설,테니스장,예약마감,5월계남테니스야외코트(주말 주간),유료,계남근린공원, 제한없음,126.85584753847884,37.51020151253864
체육시설,테니스장,예약마감,5월계남테니스야외코트(평일주간),유료,계남근린공원, 제한없음,126.85584753847884,37.51020151253864
체육시설,테니스장,예약마감,"5월계남테니스야외코트(평일 18시, 주말18시)",유료,계남근린공원, 제한없음,126.85584753847884,37.51020151253864
체육시설,테니스장,예약마감,5월계남테니스실내A코트(평일주간),유료,계남근린공원, 제한없음,126.85584753847884,37.51020151253864
체육시설,테니스장,예약마감,5월계남테니스실내A코트(평일야간/주말),유료,계남근린공원, 제한없음,126.85584753847884,37.51020151253864
체육시설,테니스장,예약마감,5월계남테니스실내B코트(평일주간),유료,계남근린공원, 제한없음,126.85584753847884,37.51020151253864
체육시설,테니스장,예약마감,5월계남테니스실내B코트(평일야간/주말),유료,계남근린공원, 제한없음,126.85584753847884,37.51020151253864
체육시설,테니스장,예약마감,5월계남테니스실내C코트(평일주간),유료,계남근린공원, 제한없음,126.85584753847884,37.51020151253864
체육시설,테니스장,예약마감,5월계남테니스실내C코트(평일야간/주말),유료,계남근린공원, 제한없음,126.85584753847884,37.51020151253864
체육시설,테니스장,예약마감,6월계남테니스실내C코트(평일야간/주말),유료,계남근린공원, 제한없음,126.85584753847884,37.51020151253864
체육시설,테니스장,예약마감,6월계남테니스실내C코트(평일주간),유료,계남근린공원, 제한없음,126.85584753847884,37.51020151253864
체육시설,테니스장,예약마감,6월계남테니스실내B코트(평일야간/주말),유료,계남근린공원, 제한없음,126.85584753847884,37.51020151253864
체육시설,테니스장,예약마감,6월계남테니스실내B코트(평일주간),유료,계남근린공원, 제한없음,126.85584753847884,37.51020151253864
체육시설,테니스장,예약마감,6월계남테니스실내A코트(평일야간/주말),유료,계남근린공원, 제한없음,126.85584753847884,37.51020151253864
체육시설,테니스장,예약마감,6월계남테니스실내A코트(평일주간),유료,계남근린공원, 제한없음,126.85584753847884,37.51020151253864
체육시설,테니스장,예약마감,6월계남테니스야외코트(평일야간18시),유료,계남근린공원, 제한없음,126.85584753847884,37.51020151253864
체육시설,테니스장,예약마감,6월계남테니스야외코트(평일주간),유료,계남근린공원, 제한없음,126.85584753847884,37.51020151253864
체육시설,테니스장,예약마감,6월계남테니스야외코트(주말/공휴일),유료,계남근린공원, 제한없음,126.85584753847884,37.51020151253864
체육시설,테니스장,예약마감,6월계남테니스야외코트(평일야간20시),유료,계남근린공원, 제한없음,126.85584753847884,37.51020151253864
체육시설,축구장,접수중,(5월)계남근린공원 인조잔디 축구장,무료,계남근린공원>인조잔디축구장," 성인(등록된팀), 청소년(등록된팀)",126.85558854790992,37.50873991229815
체육시설,축구장,접수중,(6월)계남근린공원 인조잔디 축구장,무료,계남근린공원>인조잔디축구장," 성인(등록된팀), 청소년(등록된팀)",126.85558854790992,37.50873991229815
체육시설,풋살장,접수중,풋살경기장(구일역 하부),무료,안양천 체육시설>풋살경기장(구일역 하부), 제한없음(등록된 팀),126.86937274726102,37.49493348712842
체육시설,축구장,접수중,[평일주간] 2023년 고척스카이돔 야외 축구장(2분기),유료,고척스카이돔, 제한없음,126.8669,37.49683
체육시설,풋살장,접수중,[평일주간] 2023년 고척스카이돔 풋살구장(공통) (2분기),유료,고척스카이돔, 제한없음,126.8669,37.49683
체육시설,축구장,접수중,[평일새벽.야간] 2023년 고척스카이돔 야외 축구장(2분기),유료,고척스카이돔, 제한없음,126.8669,37.49683
체육시설,풋살장,접수중,[평일새벽.야간] 2023년 고척스카이돔 풋살구장(공통) (2분기),유료,고척스카이돔, 제한없음,126.8669,37.49683
체육시설,축구장,예약마감,[휴일주간] 2023년 고척스카이돔 야외 축구장(2분기),유료,고척스카이돔, 제한없음,126.8669,37.49683
체육시설,풋살장,접수중,[휴일주간] 2023년 고척스카이돔 풋살구장(공통) (2분기),유료,고척스카이돔, 제한없음,126.8669,37.49683
체육시설,축구장,예약마감,[휴일새벽.야간] 2023년 고척스카이돔 야외 축구장(2분기),유료,고척스카이돔, 제한없음,126.8669,37.49683
체육시설,풋살장,접수중,[휴일새벽.야간] 2023년 고척스카이돔 풋살구장(공통) (2분기),유료,고척스카이돔, 제한없음,126.8669,37.49683
체육시설,테니스장,접수중,신도림테니스장 5월 수요일 강습코트 접수(09시~18시) ,유료,신도림테니스장, 제한없음,126.883234589819,37.5137612393354
체육시설,테니스장,접수중,신도림테니스장 5월 평일 A코트 주간 접수(07시~19시) ,유료,신도림테니스장, 제한없음,126.883234589819,37.5137612393354
체육시설,테니스장,예약마감,신도림테니스장 5월 평일 A코트 야간 접수(19시~21시 조명 2시간 사용) ,유료,신도림테니스장, 제한없음,126.883234589819,37.5137612393354
체육시설,테니스장,접수중,신도림테니스장 5월 평일 B코트 주간 접수(07시~19시) ,유료,신도림테니스장, 제한없음,126.883234589819,37.5137612393354
체육시설,테니스장,예약마감,신도림테니스장 5월 평일 B코트 야간 접수(19시~21시 조명 2시간 사용) ,유료,신도림테니스장, 제한없음,126.883234589819,37.5137612393354
체육시설,테니스장,접수중,신도림테니스장 5월 평일 C코트 주간 접수(07시~19시) ,유료,신도림테니스장, 제한없음,126.883234589819,37.5137612393354
체육시설,테니스장,예약마감,신도림테니스장 5월 평일 C코트 야간 접수(19시~21시 조명 2시간 사용) ,유료,신도림테니스장, 제한없음,126.883234589819,37.5137612393354
체육시설,테니스장,접수중,"신도림테니스장 5월 주말,공휴일  A코트 주간 접수(07시~19시) ",유료,신도림테니스장, 제한없음,126.883234589819,37.5137612393354
체육시설,테니스장,예약마감,"신도림테니스장 5월 주말,공휴일 A코트 야간 접수(19시~21시 조명 2시간 사용) ",유료,신도림테니스장, 제한없음,126.883234589819,37.5137612393354
체육시설,테니스장,접수중,"신도림테니스장 5월 주말,공휴일  B코트 주간 접수(07시~19시) ",유료,신도림테니스장, 제한없음,126.883234589819,37.5137612393354
체육시설,테니스장,예약마감,"신도림테니스장 5월 주말,공휴일 B코트 야간 접수(19시~21시 조명 2시간 사용) ",유료,신도림테니스장, 제한없음,126.883234589819,37.5137612393354
체육시설,테니스장,접수중,"신도림테니스장 5월 주말,공휴일  C코트 주간 접수(07시~19시) ",유료,신도림테니스장, 제한없음,126.883234589819,37.5137612393354
체육시설,테니스장,예약마감,"신도림테니스장 5월 주말,공휴일 C코트 야간 접수(19시~21시 조명 2시간 사용) ",유료,신도림테니스장, 제한없음,126.883234589819,37.5137612393354
체육시설,테니스장,접수중,신도림테니스장 6월 평일 A코트 주간 접수(07시~19시) ,유료,신도림테니스장, 제한없음,126.883234589819,37.5137612393354
체육시설,테니스장,예약마감,신도림테니스장 6월 평일 A코트 야간 접수(19시~21시 조명 1시간 사용) ,유료,신도림테니스장, 제한없음,126.883234589819,37.5137612393354
체육시설,테니스장,접수중,신도림테니스장 6월 평일 B코트 주간 접수(07시~19시) ,유료,신도림테니스장, 제한없음,126.883234589819,37.5137612393354
체육시설,테니스장,예약마감,신도림테니스장 6월 평일 B코트 야간 접수(19시~21시 조명 1시간 사용) ,유료,신도림테니스장, 제한없음,126.883234589819,37.5137612393354
체육시설,테니스장,접수중,신도림테니스장 6월 평일 C코트 주간 접수(07시~19시) ,유료,신도림테니스장, 제한없음,126.883234589819,37.5137612393354
체육시설,테니스장,예약마감,신도림테니스장 6월 평일 C코트 야간 접수(19시~21시 조명 1시간 사용) ,유료,신도림테니스장, 제한없음,126.883234589819,37.5137612393354
체육시설,테니스장,접수중,신도림테니스장 6월 수요일 강습코트 접수(09시~18시) ,유료,신도림테니스장, 제한없음,126.883234589819,37.5137612393354
체육시설,테니스장,예약마감,"신도림테니스장 6월 주말,공휴일  A코트 주간 접수(07시~19시) ",유료,신도림테니스장, 제한없음,126.883234589819,37.5137612393354
체육시설,테니스장,예약마감,"신도림테니스장 6월 주말,공휴일 A코트 야간 접수(19시~21시 조명 1시간 사용) ",유료,신도림테니스장, 제한없음,126.883234589819,37.5137612393354
체육시설,테니스장,예약마감,"신도림테니스장 6월 주말,공휴일  B코트 주간 접수(07시~19시) ",유료,신도림테니스장, 제한없음,126.883234589819,37.5137612393354
체육시설,테니스장,예약마감,"신도림테니스장 6월 주말,공휴일 B코트 야간 접수(19시~21시 조명 1시간 사용) ",유료,신도림테니스장, 제한없음,126.883234589819,37.5137612393354
체육시설,테니스장,예약마감,"신도림테니스장 6월 주말,공휴일  C코트 주간 접수(07시~19시) ",유료,신도림테니스장, 제한없음,126.883234589819,37.5137612393354
체육시설,테니스장,예약마감,"신도림테니스장 6월 주말,공휴일 C코트 야간 접수(19시~21시 조명 1시간 사용) ",유료,신도림테니스장, 제한없음,126.883234589819,37.5137612393354
체육시설,체육관,접수중,2023 동대문구 체육관(대체육관),유료(요금안내문의),동대문구 체육관(대체육관), 제한없음,127.06395281242548,37.57228866489582
체육시설,테니스장,예약마감,(주말&amp;공휴일)장평테니스장,유료,장평테니스장, 제한없음,127.07348,37.56654
체육시설,테니스장,예약마감,(평일)장평테니스장,유료,장평테니스장, 제한없음,127.07348,37.56654
체육시설,테니스장,예약마감,(토요일-라이트사용)장평테니스장,유료,장평테니스장, 제한없음,127.07348,37.56654
체육시설,테니스장,예약마감,(평일-라이트사용)장평테니스장,유료,장평테니스장, 제한없음,127.07348,37.56654
체육시설,테니스장,예약마감,(공휴일-라이트사용)장평테니스장,유료,장평테니스장, 제한없음,127.07348,37.56654
체육시설,축구장,예약마감,2023년 6월 보라매공원 인조잔디 축구장(평일야간),유료,보라매공원>인조잔디축구장, 제한없음,126.91605,37.49101
체육시설,축구장,접수종료,2023년 6월 보라매공원 인조잔디 축구장(토/일/공휴일 주간),유료,보라매공원>인조잔디축구장, 제한없음,126.91605,37.49101
체육시설,축구장,접수종료,2023년 6월분 보라매공원 인조잔디 축구장(토/일/공휴일 야간),유료,보라매공원>인조잔디축구장, 제한없음,126.91605,37.49101
체육시설,축구장,접수중,2023년  보라매공원 인조잔디 축구장(평일주간),유료,보라매공원>인조잔디축구장, 제한없음(평일주간),126.91605,37.49101
체육시설,테니스장,예약마감,보라매공원테니스장 1번코트(평일주간),유료,보라매공원>테니스장, 제한없음,126.91605,37.49101
체육시설,테니스장,예약마감,보라매공원테니스장 2번코트(평일주간),유료,보라매공원>테니스장, 제한없음,126.91605,37.49101
체육시설,테니스장,예약마감,보라매공원테니스장 3번코트(평일주간),유료,보라매공원>테니스장, 제한없음,126.91605,37.49101
체육시설,테니스장,예약마감,보라매공원테니스장 4번코트(평일주간),유료,보라매공원>테니스장, 제한없음,126.91605,37.49101
체육시설,테니스장,예약마감,보라매공원테니스장 5번코트(평일주간),유료,보라매공원>테니스장, 제한없음,126.91605,37.49101
체육시설,테니스장,예약마감,보라매공원테니스장 1번코트(평일야간),유료,보라매공원>테니스장, 제한없음,126.91605,37.49101
체육시설,테니스장,예약마감,보라매공원테니스장 2번코트(평일야간),유료,보라매공원>테니스장, 제한없음,126.91605,37.49101
체육시설,테니스장,예약마감,보라매공원테니스장 3번코트(평일야간),유료,보라매공원>테니스장, 제한없음,126.91605,37.49101
체육시설,테니스장,예약마감,보라매공원테니스장 1번코트(토.일.공휴일),유료,보라매공원>테니스장, 제한없음,126.91605,37.49101
체육시설,테니스장,예약마감,보라매공원테니스장 2번코트(토.일.공휴일),유료,보라매공원>테니스장, 제한없음,126.91605,37.49101
체육시설,테니스장,예약마감,보라매공원테니스장 3번코트(토.일.공휴일),유료,보라매공원>테니스장, 제한없음,126.91605,37.49101
체육시설,테니스장,예약마감,보라매공원테니스장 4번코트(평일야간),유료,보라매공원>테니스장, 제한없음,126.91605,37.49101
체육시설,테니스장,예약마감,보라매공원테니스장 5번코트(평일야간),유료,보라매공원>테니스장, 제한없음,126.91605,37.49101
체육시설,테니스장,예약마감,보라매공원테니스장 4번코트(토.일.공휴일),유료,보라매공원>테니스장, 제한없음,126.91605,37.49101
체육시설,테니스장,예약마감,보라매공원테니스장 5번코트(토.일.공휴일),유료,보라매공원>테니스장, 제한없음,126.91605,37.49101
체육시설,테니스장,예약마감,보라매공원테니스장 6번코트(토.일.공휴일),유료,보라매공원>테니스장, 제한없음,126.91605,37.49101
체육시설,테니스장,예약마감,보라매공원테니스장 7번코트(토.일.공휴일),유료,보라매공원>테니스장, 제한없음,126.91605,37.49101
체육시설,축구장,접수중,(5월)동작구 노들나루공원 축구장,무료,노들나루공원(노들배수지공원), 제한없음((동작구 주민/수강생/재학생/재직자/사업자)),126.952430150008,37.5145306282857
체육시설,풋살장,접수중,(5월)동작구 노들나루공원 풋살장,무료,노들나루공원(노들배수지공원), 제한없음((동작구 주민/수강생/재학생/재직자/사업자)),126.952430150008,37.5145306282857
체육시설,족구장,접수중,(5월)동작구 노들나루공원 족구장,무료,노들나루공원(노들배수지공원), 제한없음((동작구 주민/수강생/재학생/재직자/사업자)),126.952430150008,37.5145306282857
체육시설,축구장,접수중,(6월)동작구 노들나루공원 축구장,무료,노들나루공원(노들배수지공원), 제한없음((동작구 주민/수강생/재학생/재직자/사업자)),126.952430150008,37.5145306282857
체육시설,풋살장,접수중,(6월)동작구 노들나루공원 풋살장,무료,노들나루공원(노들배수지공원), 제한없음((동작구 주민/수강생/재학생/재직자/사업자)),126.952430150008,37.5145306282857
체육시설,족구장,접수중,(6월)동작구 노들나루공원 족구장,무료,노들나루공원(노들배수지공원), 제한없음((동작구 주민/수강생/재학생/재직자/사업자)),126.952430150008,37.5145306282857
체육시설,축구장,접수종료,(주말) 6월 노량진 축구장,유료,"노량진 축구장, 야구장", 제한없음,126.94176870942796,37.51526855784476
체육시설,야구장,접수종료,(평일) 6월 노량진 야구장,유료,"노량진 축구장, 야구장", 제한없음,126.94176870942796,37.51526855784476
체육시설,야구장,접수종료,(주말) 6월 노량진 야구장,유료,"노량진 축구장, 야구장", 제한없음,126.94176870942796,37.51526855784476
체육시설,축구장,접수종료,(주말-동작구)3~4월 노량진 축구장,유료,"노량진 축구장, 야구장", 제한없음(동작구민 등 구 관련 활동자),126.94176870942796,37.51526855784476
체육시설,축구장,접수종료,(평일-동작구)3~4월 노량진 축구장,유료,"노량진 축구장, 야구장", 제한없음(동작구민 등 구 관련 활동자),126.94176870942796,37.51526855784476
체육시설,축구장,접수종료,(주말-동작구)3~4월 노량진 축구장_2차,유료,"노량진 축구장, 야구장", 제한없음(동작구민 등 구 관련 활동자),126.94176870942796,37.51526855784476
체육시설,축구장,접수종료,(평일-동작구)3~4월 노량진 축구장_2차,유료,"노량진 축구장, 야구장", 제한없음(동작구민 등 구 관련 활동자),126.94176870942796,37.51526855784476
체육시설,축구장,접수종료,(주말-전국)4월 노량진 축구장,유료,"노량진 축구장, 야구장", 제한없음,126.94176870942796,37.51526855784476
체육시설,축구장,접수종료,(평일-전국) 4월 노량진 축구장,유료,"노량진 축구장, 야구장", 제한없음,126.94176870942796,37.51526855784476
체육시설,야구장,접수종료,"(평일야간,주말주간)4월 노량진 야구장",유료,"노량진 축구장, 야구장", 제한없음,126.94176870942796,37.51526855784476
체육시설,야구장,접수종료,(평일주간)4월 노량진 야구장,유료,"노량진 축구장, 야구장", 제한없음,126.94176870942796,37.51526855784476
체육시설,야구장,접수종료,(주말야간)4월 노량진 야구장,유료,"노량진 축구장, 야구장", 제한없음,126.94176870942796,37.51526855784476
체육시설,축구장,접수종료,(주말-동작구)5~6월 노량진 축구장,유료,"노량진 축구장, 야구장", 제한없음(동작구민 등 구 관련 활동자),126.94176870942796,37.51526855784476
체육시설,축구장,접수종료,(평일-동작구)5~6월 노량진 축구장,유료,"노량진 축구장, 야구장", 제한없음(동작구민 등 구 관련 활동자),126.94176870942796,37.51526855784476
체육시설,축구장,예약마감,(주말-전국)5월 노량진 축구장,유료,"노량진 축구장, 야구장", 제한없음,126.94176870942796,37.51526855784476
체육시설,야구장,접수중,(평일주간)5월 노량진 야구장,유료,"노량진 축구장, 야구장", 제한없음,126.94176870942796,37.51526855784476
체육시설,야구장,접수중,"(평일야간,주말주간)5월 노량진 야구장",유료,"노량진 축구장, 야구장", 제한없음,126.94176870942796,37.51526855784476
체육시설,야구장,예약마감,(주말야간)5월 노량진 야구장,유료,"노량진 축구장, 야구장", 제한없음,126.94176870942796,37.51526855784476
체육시설,축구장,접수중,(평일-전국) 5월 노량진 축구장,유료,"노량진 축구장, 야구장", 제한없음,126.94176870942796,37.51526855784476
체육시설,축구장,접수종료,(평일-동작구)5~6월 노량진 축구장_2차,유료,"노량진 축구장, 야구장", 제한없음(동작구민 등 구 관련 활동자),126.94176870942796,37.51526855784476
체육시설,축구장,접수종료,(주말-동작구)5~6월 노량진 축구장_2차,유료,"노량진 축구장, 야구장", 제한없음(동작구민 등 구 관련 활동자),126.94176870942796,37.51526855784476
체육시설,축구장,예약마감,(주말-전국)6월 노량진 축구장,유료,"노량진 축구장, 야구장", 제한없음,126.94176870942796,37.51526855784476
체육시설,축구장,접수중,(평일-전국) 6월 노량진 축구장,유료,"노량진 축구장, 야구장", 제한없음,126.94176870942796,37.51526855784476
체육시설,야구장,접수중,(주말야간)6월 노량진 야구장,유료,"노량진 축구장, 야구장", 제한없음,126.94176870942796,37.51526855784476
체육시설,야구장,접수중,"(평일야간,주말주간)6월 노량진 야구장",유료,"노량진 축구장, 야구장", 제한없음,126.94176870942796,37.51526855784476
체육시설,야구장,접수중,(평일주간)6월 노량진 야구장,유료,"노량진 축구장, 야구장", 제한없음,126.94176870942796,37.51526855784476
체육시설,축구장,접수중,○ [평일] (주간) 마포 난지천 인조잔디축구장,유료,서울특별시 산악문화체험센터>난지천인조잔디축구장, 제한없음,126.88390026512282,37.574238294219086
체육시설,풋살장,접수중,5월 [평일]월드컵난지천공원 풋살장 대여 - 4월17일(월) 오후2시 접수,유료,서울특별시 산악문화체험센터>난지천 공원 풋살장, 제한없음,126.88127742009968,37.57577125294095
체육시설,풋살장,예약마감,5월 [공휴일주말]월드컵난지천공원 풋살장 대여 - 4월17일(월) 오후2시 접수,유료,서울특별시 산악문화체험센터>난지천 공원 풋살장, 제한없음,126.88127742009968,37.57577125294095
체육시설,풋살장,접수중,6월 [평일]월드컵난지천공원 풋살장 대여 - 5월15일(월) 오후2시 접수,유료,서울특별시 산악문화체험센터>난지천 공원 풋살장, 제한없음,126.88127742009968,37.57577125294095
체육시설,풋살장,예약마감,6월 [공휴일주말]월드컵난지천공원 풋살장 대여 - 5월15일(월) 오후2시 접수,유료,서울특별시 산악문화체험센터>난지천 공원 풋살장, 제한없음,126.88127742009968,37.57577125294095
체육시설,농구장,접수중,2023년 농구장1-망원한강공원,유료,"망원한강공원>농구장(1,2)", 제한없음,126.90099504970756,37.551000958801175
체육시설,농구장,접수중,2023년 농구장2-망원한강공원,유료,"망원한강공원>농구장(1,2)", 제한없음,126.90099504970756,37.551000958801175
체육시설,축구장,접수중,2023년 축구장-망원한강공원,유료,망원한강공원>축구장, 제한없음,126.90030305116998,37.551414835463845
체육시설,배구장,접수중,2023년 배구장1-망원한강공원,유료,망원한강공원>배구장, 제한없음,126.89970603628323,37.55188014574133
체육시설,배구장,접수중,2023년 배구장2-망원한강공원,유료,망원한강공원>배구장, 제한없음,126.89970603628323,37.55188014574133
체육시설,야구장,접수중,2023년 망원 어린이야구장-망원한강공원,유료,망원한강공원>야구장, 어린이,126.8983670136785,37.552894425352406
체육시설,야구장,접수중,2023년 난지야구장 1(평일)-난지한강공원,유료,난지한강공원>야구장 1, 제한없음,126.87548491960612,37.56739657402308
체육시설,야구장,예약일시중지,2023년 난지야구장1 (토/일/공휴일)-난지한강공원,유료,난지한강공원>야구장 1, 제한없음,126.87548491960612,37.56739657402308
체육시설,야구장,접수중,2023년 난지야구장 2(평일)-난지한강공원,유료,난지한강공원>야구장 2, 제한없음,126.8741889796174,37.56800967894786
체육시설,야구장,접수중,2023년 난지야구장2(캠핑장옆) (토/일/공휴일)-난지한강공원,유료,난지한강공원>야구장 2, 제한없음,126.8741889796174,37.56800967894786
체육시설,족구장,접수중,2023년 족구장-난지한강공원,유료,난지한강공원>족구장, 제한없음,126.88060695325068,37.56519082217738
체육시설,축구장,접수중,2023년 월드컵 보조경기장(평일주간),유료,서울월드컵경기장>보조구장, 제한없음,126.8983486094952,37.571440516252295
체육시설,축구장,예약마감,2023년 월드컵 보조경기장(평일야간),유료,서울월드컵경기장>보조구장, 제한없음,126.8983486094952,37.571440516252295
체육시설,축구장,예약마감,2023년 월드컵 보조경기장(휴일주간),유료,서울월드컵경기장>보조구장, 제한없음,126.8983486094952,37.571440516252295
체육시설,축구장,예약마감,2023년 월드컵 보조경기장(휴일야간),유료,서울월드컵경기장>보조구장, 제한없음,126.8983486094952,37.571440516252295
체육시설,풋살장,접수중,2023년 월드컵 풋살구장(평일새벽&middot;야간),유료,서울월드컵경기장>풋살구장, 제한없음,126.89900366993466,37.57254029207188
체육시설,풋살장,접수중,2023년 월드컵 풋살구장(평일주간),유료,서울월드컵경기장>풋살구장, 제한없음,126.89900366993466,37.57254029207188
체육시설,풋살장,접수중,2023년 월드컵 풋살구장(휴일새벽&middot;야간),유료,서울월드컵경기장>풋살구장, 제한없음,126.89900366993466,37.57254029207188
체육시설,풋살장,접수중,2023년 월드컵 풋살구장(휴일주간),유료,서울월드컵경기장>풋살구장, 제한없음,126.89900366993466,37.57254029207188
체육시설,다목적경기장,접수중,2023년 서울월드컵경기장 다목적구장(5~11월),유료(요금안내문의),서울월드컵경기장>다목적구장," 유아, 제한없음",126.897273034482,37.5682884450841
체육시설,풋살장,접수중,[평일 주간] 2023년 망원유수지 풋살구장 대관(상반기),유료,망원유수지 풋살장, 제한없음,126.8969651758,37.556763895
체육시설,풋살장,접수중,[평일 야간] 2023년 망원유수지 풋살구장 대관(하반기),유료,망원유수지 풋살장, 제한없음,126.8969651758,37.556763895
체육시설,풋살장,접수중,"[주말, 공휴일 주간] 23년 망원유수지 풋살구장 대관(하반기)",유료,망원유수지 풋살장, 제한없음,126.8969651758,37.556763895
체육시설,풋살장,접수중,"[주말, 공휴일 야간] 23년 망원유수지 풋살구장 대관(하반기)",유료,망원유수지 풋살장, 제한없음,126.8969651758,37.556763895
체육시설,축구장,예약마감,△ [야간] 마포 난지천 인조잔디 축구장,유료,난지천 인조잔디 축구장, 제한없음,126.8840081125396,37.574086234398735
체육시설,축구장,접수종료,■ [토/공휴일] 마포 난지천 인조잔디 축구장,유료,난지천 인조잔디 축구장, 제한없음,126.8840081125396,37.574086234398735
체육시설,풋살장,접수중,2023년 풋살경기장-난지한강공원,무료,난지 풋살장, 제한없음,126.88127715054247,37.56471601773345
체육시설,족구장,접수중,2023년 족구장 (토정나들목 옆)-망원한강공원,유료,망원족구, 제한없음,126.9380757073611,37.541100802721736
체육시설,농구장,접수중,2023년 농구장-난지한강공원,유료,난지농구장, 제한없음,126.88147589231296,37.56464495168799
체육시설,테니스장,예약마감,5월 월드컵공원 테니스장 A면 (평일주간) 이용 - 예약 4월17일(월) 15시,유료,월드컵공원 테니스장, 제한없음,126.89791,37.56335
체육시설,테니스장,예약마감,5월 월드컵공원 테니스장 A면 (평일야간) 이용 - 예약 4월17일(월) 15시,유료,월드컵공원 테니스장, 제한없음,126.89791,37.56335
체육시설,테니스장,예약마감,5월 월드컵공원 테니스장 A면 (주말) 이용 - 예약 4월17일(월) 15시,유료,월드컵공원 테니스장, 제한없음,126.89791,37.56335
체육시설,테니스장,접수중,5월 월드컵공원 테니스장 B면 (평일주간) 이용 - 예약 4월17일(월) 15시,유료,월드컵공원 테니스장, 제한없음,126.89791,37.56335
체육시설,테니스장,예약마감,5월 월드컵공원 테니스장 B면 (평일야간) 이용 - 예약 4월17일(월) 15시,유료,월드컵공원 테니스장, 제한없음,126.89791,37.56335
체육시설,테니스장,접수중,5월 월드컵공원 테니스장 B면 (주말) 이용 - 예약 4월17일(월) 15시,유료,월드컵공원 테니스장, 제한없음,126.89791,37.56335
체육시설,테니스장,접수중,6월 월드컵공원 테니스장 A면 (평일주간) 이용 - 예약 5월15일(월) 15시,유료,월드컵공원 테니스장, 제한없음,126.89791,37.56335
체육시설,테니스장,예약마감,6월 월드컵공원 테니스장 A면 (평일야간) 이용 - 예약 5월15일(월) 15시,유료,월드컵공원 테니스장, 제한없음,126.89791,37.56335
체육시설,테니스장,예약마감,6월 월드컵공원 테니스장 A면 (주말) 이용 - 예약 5월15일(월) 15시,유료,월드컵공원 테니스장, 제한없음,126.89791,37.56335
체육시설,테니스장,접수중,6월 월드컵공원 테니스장 B면 (평일주간) 이용 - 예약 5월15일(월) 15시,유료,월드컵공원 테니스장, 제한없음,126.89791,37.56335
체육시설,테니스장,예약마감,6월 월드컵공원 테니스장 B면 (주말) 이용 - 예약 5월15일(월) 15시,유료,월드컵공원 테니스장, 제한없음,126.89791,37.56335
체육시설,테니스장,예약마감,6월 월드컵공원 테니스장 B면 (평일야간) 이용 - 예약 5월15일(월) 15시,유료,월드컵공원 테니스장, 제한없음,126.89791,37.56335
체육시설,축구장,접수중,2023년 축구장-잠원한강공원,유료,잠원한강공원>축구장, 제한없음,127.0167407238524,37.52562225916921
체육시설,배구장,접수중,2023년 배구장2-잠원한강공원,유료,잠원한강공원>배구장 2, 제한없음,127.01769224206872,37.52608343395513
체육시설,배구장,접수중,2023년 배구장1-잠원한강공원,유료,잠원한강공원>배구장 1, 제한없음,127.01745924782314,37.52630601598422
체육시설,농구장,접수중,2023년 농구장1-잠원한강공원,유료,"잠원한강공원>농구장(1,2,3,4)", 제한없음,127.017344930541,37.52606005936199
체육시설,농구장,접수중,2023년 농구장2-잠원한강공원,유료,"잠원한강공원>농구장(1,2,3,4)", 제한없음,127.017344930541,37.52606005936199
체육시설,농구장,접수중,2023년 농구장3-잠원한강공원,유료,"잠원한강공원>농구장(1,2,3,4)", 제한없음,127.017344930541,37.52606005936199
체육시설,농구장,접수중,2023년 농구장4-잠원한강공원,유료,"잠원한강공원>농구장(1,2,3,4)", 제한없음,127.017344930541,37.52606005936199
체육시설,축구장,접수중,2023년 축구장-반포한강공원(2/20~),유료,반포한강공원>축구장, 제한없음,127.00493393301385,37.51465272997659
체육시설,농구장,접수중,2023년 농구장1(상류)-반포한강공원(~2/11),유료,"반포한강공원>농구장(1,2)", 제한없음,127.0042461844334,37.5141274709747
체육시설,농구장,접수중,2023년 농구장2(상류)-반포한강공원,유료,"반포한강공원>농구장(1,2)", 제한없음,127.0042461844334,37.5141274709747
체육시설,농구장,접수중,2023년 농구장1(상류)-반포한강공원,유료,"반포한강공원>농구장(1,2)", 제한없음,127.0042461844334,37.5141274709747
체육시설,농구장,접수중,2023년 농구장2(상류)-반포한강공원,유료,"반포한강공원>농구장(1,2)", 제한없음,127.0042461844334,37.5141274709747
체육시설,배드민턴장,접수중,반포종합운동장 배드민턴 / 1번 코트 / 23년 5월 / 평일(주간) / 07시~18시,유료,반포종합운동장>배드민턴장, 제한없음,126.9942640531,37.5005393518
체육시설,배드민턴장,예약마감,반포종합운동장 배드민턴 / 1번 코트 / 23년 5월 / 평일(야간) / 19시~20시,유료,반포종합운동장>배드민턴장, 제한없음,126.9942640531,37.5005393518
체육시설,배드민턴장,예약마감,"반포종합운동장 배드민턴 / 1번 코트 / 23년 5월 / 주말, 공휴일(주간) / 07시~18시 ",유료,반포종합운동장>배드민턴장, 제한없음,126.9942640531,37.5005393518
체육시설,배드민턴장,예약마감,"반포종합운동장 배드민턴 / 1번 코트/ 23년 5월 / 주말, 공휴일(야간) / 19시~22시",유료,반포종합운동장>배드민턴장, 제한없음,126.9942640531,37.5005393518
체육시설,배드민턴장,접수중,반포종합운동장 배드민턴 / 2번 코트 / 23년 5월 / 평일(주간) / 07시~18시,유료,반포종합운동장>배드민턴장, 제한없음,126.9942640531,37.5005393518
체육시설,배드민턴장,예약마감,"반포종합운동장 배드민턴 / 2번 코트 / 23년 5월 / 주말, 공휴일(주간) / 07시~18시 ",유료,반포종합운동장>배드민턴장, 제한없음,126.9942640531,37.5005393518
체육시설,배드민턴장,예약마감,"반포종합운동장 배드민턴 / 2번 코트/ 23년 5월 / 주말, 공휴일(야간) / 19시~22시",유료,반포종합운동장>배드민턴장, 제한없음,126.9942640531,37.5005393518
체육시설,배드민턴장,접수중,반포종합운동장 배드민턴 / 3번 코트 / 23년 5월 / 평일(주간) / 07시~18시,유료,반포종합운동장>배드민턴장, 제한없음,126.9942640531,37.5005393518
체육시설,배드민턴장,예약마감,반포종합운동장 배드민턴 / 3번 코트 / 23년 5월 / 평일(야간) / 19시~22시,유료,반포종합운동장>배드민턴장, 제한없음,126.9942640531,37.5005393518
체육시설,배드민턴장,예약마감,"반포종합운동장 배드민턴 / 3번 코트 / 23년 5월 / 주말, 공휴일(주간) / 07시~18시 ",유료,반포종합운동장>배드민턴장, 제한없음,126.9942640531,37.5005393518
체육시설,배드민턴장,예약마감,"반포종합운동장 배드민턴 / 3번 코트/ 23년 5월 / 주말, 공휴일(야간) / 19시~22시",유료,반포종합운동장>배드민턴장, 제한없음,126.9942640531,37.5005393518
체육시설,배드민턴장,접수중,반포종합운동장 배드민턴 / 4번 코트 / 23년 5월 / 평일(주간) / 07시~18시,유료,반포종합운동장>배드민턴장, 제한없음,126.9942640531,37.5005393518
체육시설,배드민턴장,예약마감,"반포종합운동장 배드민턴 / 4번 코트 / 23년 5월 / 주말, 공휴일(주간) / 07시~18시 ",유료,반포종합운동장>배드민턴장, 제한없음,126.9942640531,37.5005393518
체육시설,배드민턴장,예약마감,"반포종합운동장 배드민턴 / 4번 코트/ 23년 5월 / 주말, 공휴일(야간) / 19시~22시",유료,반포종합운동장>배드민턴장, 제한없음,126.9942640531,37.5005393518
체육시설,배드민턴장,접수중,반포종합운동장 배드민턴 / 5번 코트 / 23년 5월 / 평일(주간) / 07시~18시,유료,반포종합운동장>배드민턴장, 제한없음,126.9942640531,37.5005393518
체육시설,배드민턴장,예약마감,반포종합운동장 배드민턴 / 5번 코트 / 23년 5월 / 평일(야간) / 19시~22시,유료,반포종합운동장>배드민턴장, 제한없음,126.9942640531,37.5005393518
체육시설,배드민턴장,접수중,"반포종합운동장 배드민턴 / 5번 코트 / 23년 5월 / 주말, 공휴일(주간) / 07시~18시 ",유료,반포종합운동장>배드민턴장, 제한없음,126.9942640531,37.5005393518
체육시설,배드민턴장,예약마감,"반포종합운동장 배드민턴 / 5번 코트/ 23년 5월 / 주말, 공휴일(야간) / 19시~22시",유료,반포종합운동장>배드민턴장, 제한없음,126.9942640531,37.5005393518
체육시설,배드민턴장,접수중,반포종합운동장 배드민턴 / 1번 코트 / 23년 6월 / 평일(주간) / 07시~18시,유료,반포종합운동장>배드민턴장, 제한없음,126.9942640531,37.5005393518
체육시설,배드민턴장,예약마감,반포종합운동장 배드민턴 / 1번 코트 / 23년 6월 / 평일(야간) / 19시~20시,유료,반포종합운동장>배드민턴장, 제한없음,126.9942640531,37.5005393518
체육시설,배드민턴장,접수중,"반포종합운동장 배드민턴 / 1번 코트 / 23년 6월 / 주말, 공휴일(주간) / 07시~18시 ",유료,반포종합운동장>배드민턴장, 제한없음,126.9942640531,37.5005393518
체육시설,배드민턴장,접수중,"반포종합운동장 배드민턴 / 1번 코트/ 23년 6월 / 주말, 공휴일(야간) / 19시~22시",유료,반포종합운동장>배드민턴장, 제한없음,126.9942640531,37.5005393518
체육시설,배드민턴장,접수중,반포종합운동장 배드민턴 / 2번 코트 / 23년 6월 / 평일(주간) / 07시~18시,유료,반포종합운동장>배드민턴장, 제한없음,126.9942640531,37.5005393518
체육시설,배드민턴장,접수중,"반포종합운동장 배드민턴 / 2번 코트 / 23년 6월 / 주말, 공휴일(주간) / 07시~18시 ",유료,반포종합운동장>배드민턴장, 제한없음,126.9942640531,37.5005393518
체육시설,배드민턴장,예약마감,"반포종합운동장 배드민턴 / 2번 코트/ 23년 6월 / 주말, 공휴일(야간) / 19시~22시",유료,반포종합운동장>배드민턴장, 제한없음,126.9942640531,37.5005393518
체육시설,배드민턴장,접수중,반포종합운동장 배드민턴 / 3번 코트 / 23년 6월 / 평일(주간) / 07시~18시,유료,반포종합운동장>배드민턴장, 제한없음,126.9942640531,37.5005393518
체육시설,배드민턴장,예약마감,반포종합운동장 배드민턴 / 3번 코트 / 23년 6월 / 평일(야간) / 19시~22시,유료,반포종합운동장>배드민턴장, 제한없음,126.9942640531,37.5005393518
체육시설,배드민턴장,예약마감,"반포종합운동장 배드민턴 / 3번 코트 / 23년 6월 / 주말, 공휴일(주간) / 07시~18시 ",유료,반포종합운동장>배드민턴장, 제한없음,126.9942640531,37.5005393518
체육시설,배드민턴장,예약마감,"반포종합운동장 배드민턴 / 3번 코트/ 23년 6월 / 주말, 공휴일(야간) / 19시~22시",유료,반포종합운동장>배드민턴장, 제한없음,126.9942640531,37.5005393518
체육시설,배드민턴장,접수중,반포종합운동장 배드민턴 / 4번 코트 / 23년 6월 / 평일(주간) / 07시~18시,유료,반포종합운동장>배드민턴장, 제한없음,126.9942640531,37.5005393518
체육시설,배드민턴장,예약마감,"반포종합운동장 배드민턴 / 4번 코트 / 23년 6월 / 주말, 공휴일(주간) / 07시~18시 ",유료,반포종합운동장>배드민턴장, 제한없음,126.9942640531,37.5005393518
체육시설,배드민턴장,접수중,"반포종합운동장 배드민턴 / 4번 코트/ 23년 6월 / 주말, 공휴일(야간) / 19시~22시",유료,반포종합운동장>배드민턴장, 제한없음,126.9942640531,37.5005393518
체육시설,배드민턴장,접수중,반포종합운동장 배드민턴 / 5번 코트 / 23년 6월 / 평일(주간) / 07시~18시,유료,반포종합운동장>배드민턴장, 제한없음,126.9942640531,37.5005393518
체육시설,배드민턴장,예약마감,반포종합운동장 배드민턴 / 5번 코트 / 23년 6월 / 평일(야간) / 19시~22시,유료,반포종합운동장>배드민턴장, 제한없음,126.9942640531,37.5005393518
체육시설,배드민턴장,예약마감,"반포종합운동장 배드민턴 / 5번 코트 / 23년 6월 / 주말, 공휴일(주간) / 07시~18시 ",유료,반포종합운동장>배드민턴장, 제한없음,126.9942640531,37.5005393518
체육시설,배드민턴장,예약마감,"반포종합운동장 배드민턴 / 5번 코트/ 23년 6월 / 주말, 공휴일(야간) / 19시~22시",유료,반포종합운동장>배드민턴장, 제한없음,126.9942640531,37.5005393518
체육시설,축구장,예약마감,축구 / 방배 / (23년 5월 1일~ 31일) / 주말(토.일) 18:00~22:00 (선착순),유료,방배배수지체육공원, 제한없음,126.9924890287,37.4730044433
체육시설,축구장,예약마감,축구 / 방배 / 평일야간대관 (23년 5월1일~31일) / 월~금  (선착순),유료,방배배수지체육공원, 제한없음,126.9924890287,37.4730044433
체육시설,축구장,접수중,축구 / 방배 / (23년 5월 1일~31일) / 평일(월~금) 07:00~18:00 (선착순),유료,방배배수지체육공원, 제한없음,126.9924890287,37.4730044433
체육시설,풋살장,예약마감,풋살 / 방배 / 23년 5월 1~31일 / 주말.평일야간 18:00~22:00 (선착순),유료,방배배수지체육공원, 제한없음,126.9924890287,37.4730044433
체육시설,풋살장,접수중,풋살 / 방배 / 23년 5월 1~31일 / 평일 07:00~18:00 (선착순),유료,방배배수지체육공원, 제한없음,126.9924890287,37.4730044433
체육시설,풋살장,예약마감,풋살 / 방배 / 23년 5월 1~31일 / 주말 07:00~10:00 (선착순),유료,방배배수지체육공원, 제한없음,126.9924890287,37.4730044433
체육시설,축구장,예약마감,방배 축구 / 23년 5월 1일~31일 / 일요일 (10:30~12:30),유료,방배배수지체육공원, 제한없음,126.9924890287,37.4730044433
체육시설,축구장,예약마감,축구 / 방배 / (23년 6월 1일~ 30일) / 주말(토.일) 18:00~22:00 (선착순),유료,방배배수지체육공원, 제한없음,126.9924890287,37.4730044433
체육시설,축구장,예약마감,축구 / 방배 / 평일야간대관 (23년 6월1일~30일) / 월~금  (선착순),유료,방배배수지체육공원, 제한없음,126.9924890287,37.4730044433
체육시설,축구장,접수중,축구 / 방배 / (23년 6월 1일~30일) / 평일(월~금) 08:00~18:00 (선착순),유료,방배배수지체육공원, 제한없음,126.9924890287,37.4730044433
체육시설,축구장,예약마감,방배 축구 / 23년 6월 1일~30일 / 일요일 (10:30~12:30),유료,방배배수지체육공원, 제한없음,126.9924890287,37.4730044433
체육시설,풋살장,예약마감,풋살 / 방배 / 23년 6월 1~30일 / 주말.평일야간 18:00~22:00 (선착순),유료,방배배수지체육공원, 제한없음,126.9924890287,37.4730044433
체육시설,풋살장,접수중,풋살 / 방배 / 23년 6월 1~30일 / 평일 07:00~18:00 (선착순),유료,방배배수지체육공원, 제한없음,126.9924890287,37.4730044433
체육시설,풋살장,접수중,풋살 / 방배 / 23년 6월 1~30일 / 주말 07:00~10:00 (선착순),유료,방배배수지체육공원, 제한없음,126.9924890287,37.4730044433
체육시설,축구장,접수중,반포종합운동장 축구장 / 23년 5월 / 평일(무료) 06시~08시,무료,반포종합운동장, 제한없음,126.9942640531,37.5005393518
체육시설,축구장,접수중,반포종합운동장 축구장 / 23년 5월 / 평일(유료) 08시~18시,유료,반포종합운동장, 제한없음,126.9942640531,37.5005393518
체육시설,축구장,접수중,"반포종합운동장 축구장 / 23년 5월 / 주말, 공휴일(유료) ",유료,반포종합운동장, 제한없음,126.9942640531,37.5005393518
체육시설,족구장,접수중,반포종합운동장 족구장/ 23년 5월,무료,반포종합운동장, 제한없음,126.9942640531,37.5005393518
체육시설,족구장,접수중,반포종합운동장 족구장/ 23년 6월,무료,반포종합운동장, 제한없음,126.9942640531,37.5005393518
체육시설,축구장,접수중,반포종합운동장 축구장 / 23년 6월 / 평일(무료) 06시~08시,무료,반포종합운동장, 제한없음,126.9942640531,37.5005393518
체육시설,축구장,접수중,반포종합운동장 축구장 / 23년 6월 / 평일(유료) 08시~18시,유료,반포종합운동장, 제한없음,126.9942640531,37.5005393518
체육시설,축구장,예약마감,"반포종합운동장 축구장 / 23년 6월 / 주말, 공휴일(유료) ",유료,반포종합운동장, 제한없음,126.9942640531,37.5005393518
체육시설,족구장,접수중,우면 족구장 / 23년5월 / 1번코트,무료,우면체육시설, 제한없음,127.0214645735518,37.46104631450814
체육시설,족구장,접수중,우면 족구장 / 23년 5월 / 2번코트,무료,우면체육시설, 제한없음,127.0214645735518,37.46104631450814
체육시설,다목적경기장,접수중,우면 다목적구장 / 23년 5월 1일 ~ 31일,무료,우면체육시설, 제한없음,127.0214645735518,37.46104631450814
체육시설,족구장,접수중,우면 족구장 / 23년6월 / 1번코트,무료,우면체육시설, 제한없음,127.0214645735518,37.46104631450814
체육시설,족구장,접수중,우면 족구장 / 23년 6월 / 2번코트,무료,우면체육시설, 제한없음,127.0214645735518,37.46104631450814
체육시설,다목적경기장,접수중,우면 다목적구장 / 23년 6월 1일 ~ 30일,무료,우면체육시설, 제한없음,127.0214645735518,37.46104631450814
체육시설,축구장,예약마감,"양재 축구 / 23년 5월 1일~31일 / 주말 (토요일(13:00~15:00), 일요일 (13:30~15:30))",유료,양재근린공원 축구장, 제한없음,127.04173706084738,37.47191609856271
체육시설,축구장,예약마감,"양재 축구 / 23년 6월 1일~30일 / 주말 (토요일(13:00~15:00), 일요일 (13:30~15:30))",유료,양재근린공원 축구장, 제한없음,127.04173706084738,37.47191609856271
체육시설,테니스장,접수종료,인재개발원 테니스장(인조잔디 A면) 대관,유료,인재개발원 테니스장, 제한없음,127.02343534049716,37.481194337398286
체육시설,테니스장,접수종료,인재개발원 테니스장(인조잔디 B면) 대관,유료,인재개발원 테니스장, 제한없음,127.02343534049716,37.481194337398286
체육시설,농구장,접수중,2023년 농구장3(안내센터 앞)-반포한강공원,유료,반포 농구장(안내센터 앞), 제한없음,126.9926867505191,37.50812415357573
체육시설,농구장,접수중,2023년 농구장3(안내센터 앞)-반포한강공원,유료,반포 농구장(안내센터 앞), 제한없음,126.9926867505191,37.50812415357573
체육시설,다목적경기장,접수중,다목적구장 - 응봉공원(2023년),무료,응봉공원, 제한없음,127.02182026085195,37.5569473910838
체육시설,테니스장,예약마감,테니스장1 (평일) - 2023년 응봉공원,유료,응봉공원, 제한없음,127.02182026085195,37.5569473910838
체육시설,테니스장,예약마감,테니스장2 (평일) - 2023년 응봉공원,유료,응봉공원, 제한없음,127.02182026085195,37.5569473910838
체육시설,테니스장,예약마감,테니스장1 (토/일/공휴일) - 2023년 응봉공원,유료,응봉공원, 제한없음,127.02182026085195,37.5569473910838
체육시설,테니스장,예약마감,테니스장2 (토/일/공휴일) - 2023년 응봉공원,유료,응봉공원, 제한없음,127.02182026085195,37.5569473910838
체육시설,족구장,접수중,2023년 중랑물재생센터 족구장A,무료,중랑물재생센터>족구장, 제한없음,127.0595,37.56057
체육시설,족구장,접수중,2023년 중랑물재생센터 족구장B,무료,중랑물재생센터>족구장, 제한없음,127.0595,37.56057
체육시설,테니스장,접수중,2023년 중랑물재생센터 테니스장A,무료,중랑물재생센터>테니스장, 제한없음,127.0595,37.56057
체육시설,테니스장,접수중,2023년 중랑물재생센터 테니스장 B,무료,중랑물재생센터>테니스장, 제한없음,127.0595,37.56057
체육시설,배드민턴장,접수중,2023년 중랑물재생센터 배드민턴장 3번코트,무료,중랑물재생센터>배드민턴장, 제한없음,127.0595,37.56057
체육시설,배드민턴장,접수중,2023년 중랑물재생센터 배드민턴장 2번코트,무료,중랑물재생센터>배드민턴장, 제한없음,127.0595,37.56057
체육시설,배드민턴장,접수중,2023년 중랑물재생센터 배드민턴장 1번코트,무료,중랑물재생센터>배드민턴장, 제한없음,127.0595,37.56057
체육시설,축구장,접수중,2023년 중랑물재생센터 축구장 (추첨제),무료,중랑물재생센터>축구장, 제한없음,127.0595,37.56057
체육시설,풋살장,접수중,2023년 중랑물재생센터 풋살장(추첨제),무료,중랑물재생센터>축구장, 제한없음,127.0595,37.56057
체육시설,교육시설,접수중,응봉산 인공암벽 등반시설,무료,응봉산 인공암벽 등반시설, 제한없음,127.031017551446,37.5486595751896
체육시설,다목적경기장,접수중,"다목적구장-토,일,공휴일(서울숲 2023. 1.1 ~ 12.31)",무료,서울숲>서울숲 다목적구장, 제한없음,127.04079005774229,37.54629584274676
체육시설,다목적경기장,안내중,"다목적구장-토,일,공휴일 미예약분(서울숲, 이용기간 2023. 1. 1~12. 31)",무료,서울숲>서울숲 다목적구장, 제한없음,127.04079005774229,37.54629584274676
체육시설,다목적경기장,접수중,"다목적구장-평일(서울숲, 이용기간 2023. 1. 1~12. 31)",무료,서울숲>서울숲 다목적구장, 제한없음,127.04079005774229,37.54629584274676
체육시설,테니스장,예약마감,"테니스장 1 코트 (평일, 이용기간 2023. 1. 1~12. 31) - 서울숲",유료,서울숲>서울숲 테니스장, 제한없음,127.04026740730848,37.54640567522555
체육시설,테니스장,예약마감,"테니스장 2 코트 (평일, 이용기간 2023. 1. 1~12. 31) - 서울숲",유료,서울숲>서울숲 테니스장, 제한없음,127.04026740730848,37.54640567522555
체육시설,테니스장,예약마감,"테니스장 3 코트 (평일, 이용기간 2023. 1. 1~12. 31) - 서울숲",유료,서울숲>서울숲 테니스장, 제한없음,127.04026740730848,37.54640567522555
체육시설,테니스장,예약마감,"테니스장 4 코트 (평일, 이용기간 2023. 1. 1~12. 31) - 서울숲",유료,서울숲>서울숲 테니스장, 제한없음,127.04026740730848,37.54640567522555
체육시설,테니스장,예약마감,"테니스장 5 코트 (평일, 이용기간 2023. 1. 1~12. 31) - 서울숲",유료,서울숲>서울숲 테니스장, 제한없음,127.04026740730848,37.54640567522555
체육시설,테니스장,예약마감,"테니스장 1 코트 (토/일/공휴일, 이용기간 2023. 1. 1~12. 31) - 서울숲",유료,서울숲>서울숲 테니스장, 제한없음,127.04026740730848,37.54640567522555
체육시설,테니스장,예약마감,"테니스장 2 코트 (토/일/공휴일, 이용기간 2023. 1. 1~12. 31) - 서울숲",유료,서울숲>서울숲 테니스장, 제한없음,127.04026740730848,37.54640567522555
체육시설,테니스장,예약마감,"테니스장 3 코트 (토/일/공휴일, 이용기간 2023. 1. 1~12. 31) - 서울숲",유료,서울숲>서울숲 테니스장, 제한없음,127.04026740730848,37.54640567522555
체육시설,테니스장,예약마감,"테니스장 4 코트 (토/일/공휴일, 이용기간 2023. 1. 1~12. 31) - 서울숲",유료,서울숲>서울숲 테니스장, 제한없음,127.04026740730848,37.54640567522555
체육시설,테니스장,예약마감,"테니스장 5 코트 (토/일/공휴일, 이용기간 2023. 1. 1~12. 31) - 서울숲",유료,서울숲>서울숲 테니스장, 제한없음,127.04026740730848,37.54640567522555
체육시설,농구장,접수중,2023년 농구장1(금호나들목)-이촌한강공원,유료,이촌농구장(금호나들목), 제한없음,127.02235876587358,37.54237765734392
체육시설,테니스장,접수종료,월곡테니스장 1번 코트(평일),유료,월곡테니스장, 제한없음,127.04168782920031,37.60906655269909
체육시설,테니스장,접수종료,월곡테니스장 2번 코트(평일),유료,월곡테니스장, 제한없음,127.04168782920031,37.60906655269909
체육시설,테니스장,접수종료,월곡테니스장 1번 코트(주말),유료,월곡테니스장, 제한없음,127.04168782920031,37.60906655269909
체육시설,테니스장,접수종료,월곡테니스장 2번 코트(주말),유료,월곡테니스장, 제한없음,127.04168782920031,37.60906655269909
체육시설,테니스장,접수종료,월곡테니스장 3번 코트(평일),유료,월곡테니스장, 제한없음,127.04168782920031,37.60906655269909
체육시설,테니스장,접수종료,1월_월곡테니스장 1번 코트(평일),유료,월곡테니스장, 제한없음,127.04168782920031,37.60906655269909
체육시설,테니스장,접수종료,1월_월곡테니스장 3번 코트(평일),유료,월곡테니스장, 제한없음,127.04168782920031,37.60906655269909
체육시설,테니스장,접수종료,1월_월곡테니스장 1번 코트(공휴일),유료,월곡테니스장, 제한없음,127.04168782920031,37.60906655269909
체육시설,테니스장,접수종료,1월_월곡테니스장 3번 코트(평일)_야간,유료,월곡테니스장, 제한없음,127.04168782920031,37.60906655269909
체육시설,테니스장,접수종료,1월_월곡테니스장 4번 코트(평일),유료,월곡테니스장, 제한없음,127.04168782920031,37.60906655269909
체육시설,테니스장,접수종료,1월_월곡테니스장 3번 코트(공휴일),유료,월곡테니스장, 제한없음,127.04168782920031,37.60906655269909
체육시설,테니스장,접수종료,1월_월곡테니스장 1번 코트(주말),유료,월곡테니스장, 제한없음,127.04168782920031,37.60906655269909
체육시설,테니스장,접수종료,1월_월곡테니스장 2번 코트(주말),유료,월곡테니스장, 제한없음,127.04168782920031,37.60906655269909
체육시설,테니스장,접수종료,1월_월곡테니스장 3번 코트(공휴일)_오전,유료,월곡테니스장, 제한없음,127.04168782920031,37.60906655269909
체육시설,테니스장,접수종료,1월_월곡테니스장 4번 코트(공휴일)_오전,유료,월곡테니스장, 제한없음,127.04168782920031,37.60906655269909
체육시설,테니스장,접수종료,2월_월곡테니스장 3번 코트(평일),유료,월곡테니스장, 제한없음,127.04168782920031,37.60906655269909
체육시설,테니스장,접수종료,2월_월곡테니스장 3번 코트(야간),유료,월곡테니스장, 제한없음,127.04168782920031,37.60906655269909
체육시설,테니스장,접수종료,2월_월곡테니스장 1번 코트(평일),유료,월곡테니스장, 제한없음,127.04168782920031,37.60906655269909
체육시설,테니스장,접수종료,2월_월곡테니스장 2번 코트(평일),유료,월곡테니스장, 제한없음,127.04168782920031,37.60906655269909
체육시설,테니스장,접수종료,2월_월곡테니스장 4번 코트(평일),유료,월곡테니스장, 제한없음,127.04168782920031,37.60906655269909
체육시설,테니스장,접수종료,2월_월곡테니스장 1번 코트(주말),유료,월곡테니스장, 제한없음,127.04168782920031,37.60906655269909
체육시설,테니스장,접수종료,2월_월곡테니스장 2번 코트(주말),유료,월곡테니스장, 제한없음,127.04168782920031,37.60906655269909
체육시설,테니스장,접수종료,3월_월곡테니스장 1번 코트(평일),유료,월곡테니스장, 제한없음,127.04168782920031,37.60906655269909
체육시설,테니스장,접수종료,3월_월곡테니스장 2번 코트(평일),유료,월곡테니스장, 제한없음,127.04168782920031,37.60906655269909
체육시설,테니스장,접수종료,3월_월곡테니스장 3번 코트(평일),유료,월곡테니스장, 제한없음,127.04168782920031,37.60906655269909
체육시설,테니스장,접수종료,3월_월곡테니스장 4번 코트(평일),유료,월곡테니스장, 제한없음,127.04168782920031,37.60906655269909
체육시설,테니스장,접수종료,3월_월곡테니스장 1번 코트(주말),유료,월곡테니스장, 제한없음,127.04168782920031,37.60906655269909
체육시설,테니스장,접수종료,3월_월곡테니스장 2번 코트(주말),유료,월곡테니스장, 제한없음,127.04168782920031,37.60906655269909
체육시설,테니스장,접수종료,3월_월곡테니스장 3번 코트(주말),유료,월곡테니스장, 제한없음,127.04168782920031,37.60906655269909
체육시설,테니스장,접수종료,3월_월곡테니스장 1번 코트(공휴일),유료,월곡테니스장, 제한없음,127.04168782920031,37.60906655269909
체육시설,테니스장,접수종료,4월_월곡테니스장 1번 코트(평일),유료,월곡테니스장, 제한없음,127.04168782920031,37.60906655269909
체육시설,테니스장,접수종료,4월_월곡테니스장 2번 코트(평일),유료,월곡테니스장, 제한없음,127.04168782920031,37.60906655269909
체육시설,테니스장,접수종료,4월_월곡테니스장 3번 코트(평일),유료,월곡테니스장, 제한없음,127.04168782920031,37.60906655269909
체육시설,테니스장,접수종료,4월_월곡테니스장 4번 코트(평일),유료,월곡테니스장, 제한없음,127.04168782920031,37.60906655269909
체육시설,테니스장,접수종료,4월_월곡테니스장 1번 코트(주말),유료,월곡테니스장, 제한없음,127.04168782920031,37.60906655269909
체육시설,테니스장,접수종료,4월_월곡테니스장 2번 코트(주말),유료,월곡테니스장, 제한없음,127.04168782920031,37.60906655269909
체육시설,테니스장,접수종료,4월_월곡테니스장 3번 코트(주말),유료,월곡테니스장, 제한없음,127.04168782920031,37.60906655269909
체육시설,테니스장,예약마감,5월_월곡테니스장 1번 코트(평일),유료,월곡테니스장, 제한없음,127.04168782920031,37.60906655269909
체육시설,테니스장,예약마감,5월_월곡테니스장 2번 코트(평일),유료,월곡테니스장, 제한없음,127.04168782920031,37.60906655269909
체육시설,테니스장,접수중,5월_월곡테니스장 3번 코트(평일),유료,월곡테니스장, 제한없음,127.04168782920031,37.60906655269909
체육시설,테니스장,예약마감,5월_월곡테니스장 1번 코트(주말),유료,월곡테니스장, 제한없음,127.04168782920031,37.60906655269909
체육시설,테니스장,예약마감,5월_월곡테니스장 2번 코트(주말),유료,월곡테니스장, 제한없음,127.04168782920031,37.60906655269909
체육시설,테니스장,예약마감,5월_월곡테니스장 3번 코트(주말),유료,월곡테니스장, 제한없음,127.04168782920031,37.60906655269909
체육시설,테니스장,예약마감,5월_월곡테니스장 1번 코트(공휴일),유료,월곡테니스장, 제한없음,127.04168782920031,37.60906655269909
체육시설,테니스장,예약마감,5월_월곡테니스장 3번 코트(공휴일),유료,월곡테니스장, 제한없음,127.04168782920031,37.60906655269909
체육시설,테니스장,접수중,6월_월곡테니스장 1번 코트(평일),유료,월곡테니스장, 제한없음,127.04168782920031,37.60906655269909
체육시설,테니스장,접수중,6월_월곡테니스장 2번 코트(평일),유료,월곡테니스장, 제한없음,127.04168782920031,37.60906655269909
체육시설,테니스장,접수중,6월_월곡테니스장 3번 코트(평일),유료,월곡테니스장, 제한없음,127.04168782920031,37.60906655269909
체육시설,테니스장,접수중,6월_월곡테니스장 4번 코트(평일),유료,월곡테니스장, 제한없음,127.04168782920031,37.60906655269909
체육시설,테니스장,예약마감,6월_월곡테니스장 1번 코트(주말),유료,월곡테니스장, 제한없음,127.04168782920031,37.60906655269909
체육시설,테니스장,예약마감,6월_월곡테니스장 2번 코트(주말),유료,월곡테니스장, 제한없음,127.04168782920031,37.60906655269909
체육시설,테니스장,예약마감,6월_월곡테니스장 3번 코트(주말),유료,월곡테니스장, 제한없음,127.04168782920031,37.60906655269909
체육시설,테니스장,예약마감,6월_월곡테니스장 3번 코트(공휴일),유료,월곡테니스장, 제한없음,127.04168782920031,37.60906655269909
체육시설,테니스장,접수중,6월 정릉테니스장 코트 대관,유료,정릉테니스장, 제한없음,126.9946337198826,37.60983616301847
체육시설,축구장,접수중,"(토,일,평일야간,공휴일)6월 송파구여성축구장",유료,송파구여성축구장, 제한없음,127.11826556036216,37.52429562083592
체육시설,축구장,접수중,(평일주간)6월 송파구여성축구장,유료,송파구여성축구장, 제한없음,127.11826556036216,37.52429562083592
체육시설,테니스장,예약마감,"6월 잠실유수지 소프트테니스장 평일야간, 주말",유료,잠실유수지체육시설, 제한없음,127.07777465026246,37.50334536705415
체육시설,테니스장,접수중,6월 잠실유수지 소프트테니스장 평일,유료,잠실유수지체육시설, 제한없음,127.07777465026246,37.50334536705415
체육시설,야구장,접수중,6월 잠실유수지 리틀야구장 휴일,유료,잠실유수지체육시설, 제한없음,127.07777465026246,37.50334536705415
체육시설,야구장,접수중,6월 잠실유수지 리틀야구장 평일,유료,잠실유수지체육시설, 제한없음,127.07777465026246,37.50334536705415
체육시설,족구장,접수중,6월 탄천족구장(평일주간),유료,탄천유수지, 제한없음,127.10054123654068,37.49666562874596
체육시설,테니스장,예약마감,"6월 잠실유수지 소프트테니스장 주말, 휴일야간",유료,잠실유수지체육시설, 제한없음,127.07777465026246,37.50334536705415
체육시설,풋살장,접수중,"6월 탄천풋살장(주말,공휴일)",유료,탄천유수지, 제한없음,127.10054123654068,37.49666562874596
체육시설,풋살장,접수중,6월 탄천풋살장(평일주간),유료,탄천유수지, 제한없음,127.10054123654068,37.49666562874596
체육시설,족구장,접수중,"6월 탄천족구장(공휴일, 주말)",유료,탄천유수지, 제한없음,127.10054123654068,37.49666562874596
체육시설,다목적경기장,접수중,"6월 잠실유수지 다목적구장(풋살) 평일야간, 휴일",유료,잠실유수지체육시설, 제한없음,127.07777465026246,37.50334536705415
체육시설,다목적경기장,접수중,6월 잠실유수지 다목적구장(풋살) 평일 주간,유료,잠실유수지체육시설, 제한없음,127.07777465026246,37.50334536705415
체육시설,축구장,예약마감,"6월 탄천축구장(주말,공휴일)",유료,탄천유수지, 제한없음,127.10054123654068,37.49666562874596
체육시설,축구장,접수중,6월 탄천축구장(평일주간),유료,탄천유수지, 제한없음,127.10054123654068,37.49666562874596
체육시설,야구장,접수중,"6월 탄천야구장(평야,주말,공휴일)",유료,탄천유수지, 제한없음,127.10054123654068,37.49666562874596
체육시설,야구장,접수중,6월 탄천야구장(평일주간),유료,탄천유수지, 제한없음,127.10054123654068,37.49666562874596
체육시설,풋살장,접수종료,잠실제2풋살경기장-평일(조기사용),유료,잠실종합운동장>제2풋살경기장, 제한없음,127.07662,37.51348
체육시설,풋살장,접수종료,잠실제3풋살경기장-평일(조기사용),유료,잠실종합운동장>풋살경기장, 제한없음,127.07594025137809,37.51619977107392
체육시설,다목적경기장,접수종료,5월 오금공원 다목적경기장 정구장 예약(송파구민 우선 예약 서비스),무료,오금공원, 제한없음,127.13419,37.49974
체육시설,다목적경기장,접수종료,5월 오금공원 다목적경기장 풋살장 예약(송파구민 우선 예약 서비스),무료,오금공원, 제한없음,127.13419,37.49974
체육시설,축구장,접수중,(평일주간)5월 송파구여성축구장,유료,송파구여성축구장, 제한없음,127.11826556036216,37.52429562083592
체육시설,축구장,접수중,"(토,일,평일야간,공휴일)5월 송파구여성축구장",유료,송파구여성축구장, 제한없음,127.11826556036216,37.52429562083592
체육시설,족구장,접수종료,"5월 탄천족구장(공휴일, 주말)",유료,탄천유수지, 제한없음,127.10054123654068,37.49666562874596
체육시설,풋살장,접수종료,5월 탄천풋살장(평일주간),유료,탄천유수지, 제한없음,127.10054123654068,37.49666562874596
체육시설,풋살장,접수종료,"5월 탄천풋살장(주말,공휴일)",유료,탄천유수지, 제한없음,127.10054123654068,37.49666562874596
체육시설,야구장,접수종료,5월 탄천야구장(평일주간),유료,탄천유수지, 제한없음,127.10054123654068,37.49666562874596
체육시설,야구장,접수종료,"5월 탄천야구장(평야,주말,공휴일)",유료,탄천유수지, 제한없음,127.10054123654068,37.49666562874596
체육시설,축구장,접수종료,5월 탄천축구장(평일주간),유료,탄천유수지, 제한없음,127.10054123654068,37.49666562874596
체육시설,축구장,접수종료,"5월 탄천축구장(주말,공휴일)",유료,탄천유수지, 제한없음,127.10054123654068,37.49666562874596
체육시설,족구장,접수종료,5월 탄천족구장(평일주간),유료,탄천유수지, 제한없음,127.10054123654068,37.49666562874596
체육시설,테니스장,접수중,5월 잠실유수지 소프트테니스장 평일,유료,잠실유수지체육시설, 제한없음,127.07777465026246,37.50334536705415
체육시설,다목적경기장,접수중,"5월 잠실유수지 다목적구장(풋살) 평일야간, 휴일",유료,잠실유수지체육시설, 제한없음,127.07777465026246,37.50334536705415
체육시설,다목적경기장,접수중,5월 잠실유수지 다목적구장(풋살) 평일 주간,유료,잠실유수지체육시설, 제한없음,127.07777465026246,37.50334536705415
체육시설,테니스장,예약마감,"5월 잠실유수지 소프트테니스장 주말, 휴일야간",유료,잠실유수지체육시설, 제한없음,127.07777465026246,37.50334536705415
체육시설,테니스장,접수중,"5월 잠실유수지 소프트테니스장 평일야간, 주말",유료,잠실유수지체육시설, 제한없음,127.07777465026246,37.50334536705415
체육시설,야구장,접수중,5월 잠실유수지 리틀야구장 휴일,유료,잠실유수지체육시설, 제한없음,127.07777465026246,37.50334536705415
체육시설,야구장,접수중,5월 잠실유수지 리틀야구장 평일,유료,잠실유수지체육시설, 제한없음,127.07777465026246,37.50334536705415
체육시설,골프장,접수종료,잠실파크골프장,유료(요금안내문의),잠실파크골프장, 제한없음,127.07662,37.51348
체육시설,배구장,접수중,2023년 배구장1-잠실한강공원,유료,잠실한강공원>배구장 1, 제한없음,127.08902558541875,37.518358897408426
체육시설,배구장,접수중,2023년 배구장2-잠실한강공원,유료,잠실한강공원>배구장 2, 제한없음,127.08912717246348,37.51817546661984
체육시설,다목적경기장,접수종료,2023년 잠실한강공원 트랙구장,무료,잠실트랙구장, 제한없음,127.08331872554702,37.51745165831386
체육시설,농구장,접수중,2023년 농구장3-광나루한강공원,유료,광나루 농구장(올림픽대로 방향), 제한없음,127.11212908804232,37.53718134107246
체육시설,농구장,접수중,2023년 농구장4-광나루한강공원,유료,광나루 농구장(올림픽대로 방향), 제한없음,127.11212908804232,37.53718134107246
체육시설,농구장,접수중,2023년 농구장-잠실한강공원,유료,잠실 농구장, 제한없음,127.0736346290442,37.51901249973488
체육시설,족구장,접수중,2023년 족구장-잠실한강공원,유료,잠실한강공원>족구장, 제한없음,127.0891587042459,37.51805651044408
체육시설,체육관,접수종료,잠실실내보조체육관(배구장),유료(요금안내문의),잠실종합운동장>실내체육관, 제한없음,127.07662,37.51348
체육시설,체육관,접수종료,잠실실내보조체육관(농구장),유료(요금안내문의),잠실종합운동장>실내체육관, 제한없음,127.07662,37.51348
체육시설,풋살장,접수종료,잠실제1풋살경기장-토/일/공휴일(야간사용),유료,잠실종합운동장>풋살경기장, 제한없음,127.07594025137809,37.51619977107392
체육시설,풋살장,접수종료,잠실제2풋살경기장-평일(야간사용),유료,잠실종합운동장>제2풋살경기장, 제한없음,127.07662,37.51348
체육시설,풋살장,접수종료,잠실제3풋살경기장-평일(주간사용),유료,잠실종합운동장>풋살경기장, 제한없음,127.07594025137809,37.51619977107392
체육시설,풋살장,접수종료,잠실제3풋살경기장-평일(야간사용),유료,잠실종합운동장>풋살경기장, 제한없음,127.07594025137809,37.51619977107392
체육시설,풋살장,접수종료,잠실제3풋살경기장-토/일/공휴일(주간사용),유료,잠실종합운동장>풋살경기장, 제한없음,127.07594025137809,37.51619977107392
체육시설,풋살장,접수종료,잠실제3풋살경기장-토/일/공휴일(야간사용),유료,잠실종합운동장>풋살경기장, 제한없음,127.07594025137809,37.51619977107392
체육시설,풋살장,접수종료,잠실제2풋살경기장-토/일/공휴일(주간사용),유료,잠실종합운동장>제2풋살경기장, 제한없음,127.07662,37.51348
체육시설,풋살장,접수종료,잠실제2풋살경기장-토/일/공휴일(야간사용),유료,잠실종합운동장>제2풋살경기장, 제한없음,127.07662,37.51348
체육시설,풋살장,접수종료,잠실제1풋살경기장-평일(야간사용),유료,잠실종합운동장>풋살경기장, 제한없음,127.07594025137809,37.51619977107392
체육시설,풋살장,접수종료,잠실제1풋살경기장-평일(주간사용),유료,잠실종합운동장>풋살경기장, 제한없음,127.07594025137809,37.51619977107392
체육시설,풋살장,접수종료,잠실제1풋살경기장 토/일/공휴일(주간사용),유료,잠실종합운동장>풋살경기장, 제한없음,127.07594025137809,37.51619977107392
체육시설,풋살장,접수종료,잠실제2풋살경기장-평일(주간사용),유료,잠실종합운동장>제2풋살경기장, 제한없음,127.07662,37.51348
체육시설,풋살장,접수중,"6월 서서울호수공원 풋살장 대여 (평일야간, 주말, 공휴일) 5월23일 오후2시 접수",유료,서서울호수공원, 제한없음,126.83021,37.52707
체육시설,풋살장,접수중,6월 서서울호수공원 풋살장 대여 (평일주간) 5월23일 오후2시 접수,유료,서서울호수공원, 제한없음,126.83021,37.52707
체육시설,다목적경기장,접수종료,"목동다목적경기장  주말,공휴일(주간)",유료,목동운동장>다목적구장, 제한없음,126.88086785005444,37.530706277207706
체육시설,다목적경기장,접수종료,"목동다목적경기장  주말,공휴일(야간)",유료,목동운동장>다목적구장, 제한없음,126.88086785005444,37.530706277207706
체육시설,다목적경기장,접수종료,목동다목적경기장  평일(주간),유료,목동운동장>다목적구장, 제한없음,126.88086785005444,37.530706277207706
체육시설,다목적경기장,접수종료,목동다목적경기장  평일(야간),유료,목동운동장>다목적구장, 제한없음,126.88086785005444,37.530706277207706
체육시설,테니스장,예약마감,서울에너지공사 목동 테니스장 2면 (공휴일) 08:00~18:00,무료,서울에너지공사 목동 테니스장 2면, 성인(노약자 및 환자 이용 불가),126.8836357994236,37.53955378544427
체육시설,테니스장,예약마감,서울에너지공사 목동 테니스장 1면 (공휴일) 08:00~18:00,무료,서울에너지공사 목동 테니스장 1면, 성인(노약자 및 환자 이용 불가),126.88379,37.53975
체육시설,다목적경기장,접수종료,목동다목적경기장  평일(야간),유료,목동운동장>다목적구장, 제한없음,126.88086785005444,37.530706277207706
체육시설,다목적경기장,접수종료,"목동다목적경기장  주말,공휴일(주간)",유료,목동운동장>다목적구장, 제한없음,126.88086785005444,37.530706277207706
체육시설,다목적경기장,접수종료,목동다목적경기장  평일(주간),유료,목동운동장>다목적구장, 제한없음,126.88086785005444,37.530706277207706
체육시설,다목적경기장,접수종료,"목동다목적경기장  주말,공휴일(야간)",유료,목동운동장>다목적구장, 제한없음,126.88086785005444,37.530706277207706
체육시설,풋살장,접수종료,"5월 서서울호수공원 풋살장 대여 (평일야간, 주말, 공휴일) 4월18일 오후2시 접수",유료,서서울호수공원, 제한없음,126.83021,37.52707
체육시설,풋살장,접수중,5월 서서울호수공원 풋살장 대여 (평일주간) 4월18일 오후2시 접수,유료,서서울호수공원, 제한없음,126.83021,37.52707
체육시설,야구장,접수종료,"신월 야구장(주간, 야간)",유료(요금안내문의),신월야구공원, 제한없음,126.83265423769164,37.52648878085394
체육시설,풋살장,접수중,2023년 6월 영등포공원 풋살경기장(평일주간),유료,영등포공원>풋살경기장," 성인, 어린이, 청소년",126.91228,37.51557
체육시설,풋살장,예약마감,2023년 6월 영등포공원 풋살경기장(평일야간),유료,영등포공원>풋살경기장," 성인, 어린이, 청소년",126.91228,37.51557
체육시설,풋살장,예약마감,"2023년 6월 영등포공원 풋살경기장 (토,일,공휴일 주간 )",유료,영등포공원>풋살경기장," 성인, 어린이, 청소년",126.91228,37.51557
체육시설,풋살장,접수중,2023년 5월 영등포공원 풋살경기장(평일주간),유료,영등포공원>풋살경기장," 성인, 어린이, 청소년",126.91228,37.51557
체육시설,풋살장,예약마감,2023년 5월 영등포공원 풋살경기장(평일야간),유료,영등포공원>풋살경기장," 성인, 어린이, 청소년",126.91228,37.51557
체육시설,풋살장,예약마감,"2023년 5월 영등포공원 풋살경기장 (토,일,공휴일 주간 )",유료,영등포공원>풋살경기장," 성인, 어린이, 청소년",126.91228,37.51557
체육시설,배구장,접수중,2023년 배구장1-양화한강공원,유료,"양화한강공원>배구장(1,2)", 제한없음,126.89459948384298,37.5433351335713
체육시설,배구장,접수중,2023년 배구장2-양화한강공원,유료,"양화한강공원>배구장(1,2)", 제한없음,126.89459948384298,37.5433351335713
체육시설,농구장,접수중,2023년 농구장1-양화한강공원,유료,"양화한강공원>농구장(1,2)", 제한없음,126.89430383414827,37.54355831711085
체육시설,농구장,접수중,2023년 농구장2-양화한강공원,유료,"양화한강공원>농구장(1,2)", 제한없음,126.89430383414827,37.54355831711085
체육시설,축구장,접수중,2023년 축구장-양화한강공원,유료,양화한강공원>축구장, 제한없음,126.8934840115831,37.54396483198871
체육시설,테니스장,안내중,&lt;&#39;23.6 월&gt;이촌한강공원 테니스장 5번 코트 - 저녁,유료,이촌 한강공원 테니스장, 제한없음,126.98545286155807,37.51557714930626
체육시설,축구장,접수중,"효창,효창운동장,축구경기장,일반대관,행사대관,촬영대관,연습경기,축구훈련",유료(요금안내문의),효창운동장(축구장&amp;육상트랙), 제한없음,126.961645170164,37.544040881252
체육시설,테니스장,예약마감,&lt;&#39;23. 5월&gt;-이촌 한강공원테니스장 6번코트- 평일,유료,이촌 한강공원 테니스장, 제한없음,126.98545286155807,37.51557714930626
체육시설,테니스장,예약마감,&lt;&#39;23.5 월&gt;이촌한강공원 테니스장 8번 코트 - 저녁,유료,이촌 한강공원 테니스장, 제한없음,126.98545286155807,37.51557714930626
체육시설,테니스장,예약마감,&lt;&#39;23.5 월&gt;이촌한강공원 테니스장 5번 코트 - 저녁,유료,이촌 한강공원 테니스장, 제한없음,126.98545286155807,37.51557714930626
체육시설,테니스장,예약마감,&lt;&#39;23. 5월&gt;이촌한강공원테니스장8번코트-평일,유료,이촌 한강공원 테니스장, 제한없음,126.98545286155807,37.51557714930626
체육시설,테니스장,예약마감,"&lt;&#39;23. 5월&gt;이촌한강공원 테니스장 8번 코트 - 주말, 공휴일",유료,이촌 한강공원 테니스장, 제한없음,126.98545286155807,37.51557714930626
체육시설,테니스장,예약마감,"&lt;&#39;23. 5월&gt;이촌한강공원 테니스장 6번 코트 - 주말, 공휴일",유료,이촌 한강공원 테니스장, 제한없음,126.98545286155807,37.51557714930626
체육시설,테니스장,예약마감,"&lt;&#39;23. 5월&gt;이촌한강공원 테니스장 7번 코트 - 주말, 공휴일",유료,이촌 한강공원 테니스장, 제한없음,126.98545286155807,37.51557714930626
체육시설,테니스장,접수중,&lt;&#39;23. 5월&gt;이촌한강공원테니스장4번코트-평일,유료,이촌 한강공원 테니스장, 제한없음,126.98545286155807,37.51557714930626
체육시설,테니스장,예약마감,&lt;&#39;23. 5월&gt;이촌한강공원테니스장4번코트-토.일 공휴일,유료,이촌 한강공원 테니스장, 제한없음,126.98545286155807,37.51557714930626
체육시설,테니스장,예약마감,"&lt;&#39;23. 5월&gt;이촌 한강공원테니스장 5번코트 토,일/공휴일",유료,이촌 한강공원 테니스장, 제한없음,126.98545286155807,37.51557714930626
체육시설,테니스장,예약마감,&lt;&#39;23.5 월&gt;이촌한강공원 테니스장 7번 코트 - 저녁,유료,이촌 한강공원 테니스장, 제한없음,126.98545286155807,37.51557714930626
체육시설,테니스장,예약마감,&lt;&#39;23.5 월&gt;이촌한강공원 테니스장 4번 코트 - 저녁,유료,이촌 한강공원 테니스장, 제한없음,126.98545286155807,37.51557714930626
체육시설,테니스장,예약마감,&lt;&#39;23.5 월&gt;이촌한강공원 테니스장 6번 코트 - 저녁,유료,이촌 한강공원 테니스장, 제한없음,126.98545286155807,37.51557714930626
체육시설,테니스장,예약마감,&lt;&#39;23. 5월&gt;이촌한강공원테니스장7번코트-평일,유료,이촌 한강공원 테니스장, 제한없음,126.98545286155807,37.51557714930626
체육시설,테니스장,예약마감,&lt;&#39;23. 5월&gt;이촌 한강공원 테니스장 5번코트 - 평일,유료,이촌 한강공원 테니스장, 제한없음,126.98545286155807,37.51557714930626
체육시설,축구장,접수중,"효창,효창운동장,축구경기장,일반대관,행사대관,촬영대관,연습경기,축구훈련",유료(요금안내문의),효창운동장(축구장&amp;육상트랙), 제한없음,126.961645170164,37.544040881252
체육시설,테니스장,예약마감,한남테니스장 평일야간 (7번 코트 / 인조잔디),유료,한남테니스장, 제한없음,127.00393,37.5467
체육시설,테니스장,예약마감,한남테니스장 평일주간 (7번 코트 / 인조잔디),유료,한남테니스장, 제한없음,127.00393,37.5467
체육시설,테니스장,예약마감,한남테니스장 평일주간 (10번코트 / 인조잔디),유료,한남테니스장, 제한없음,127.00393,37.5467
체육시설,테니스장,예약마감,한남테니스장 평일야간 (10번 코트 / 인조잔디),유료,한남테니스장, 제한없음,127.00393,37.5467
체육시설,테니스장,예약마감,한남테니스장 주말/공휴일 (7번 코트 / 인조잔디),유료,한남테니스장, 제한없음,127.00393,37.5467
체육시설,테니스장,예약마감,한남테니스장 주말/공휴일 (10번 코트 / 인조잔디),유료,한남테니스장, 제한없음,127.00393,37.5467
체육시설,농구장,접수중,2023년 농구장2-이촌한강공원(한남) 농구/족구 경기장(농구장 예약),유료,이촌농구장(한남), 제한없음,127.00699498037189,37.528194824015785
체육시설,농구장,접수중,2023년 농구장8(한강대교 북단 하류)-이촌한강공원,유료,이촌농구장(한강대교 북단 하류), 제한없음,126.95746935727124,37.52190257979394
체육시설,농구장,접수중,2023년 농구장7(청소년광장)-이촌한강공원,유료,이촌농구(청소년광장), 제한없음,126.96457353990522,37.51990244851704
체육시설,농구장,접수중,2023년 농구장6(청소년광장)-이촌한강공원,유료,이촌농구(청소년광장), 제한없음,126.96457353990522,37.51990244851704
체육시설,농구장,접수중,2023년 농구장5(청소년광장)-이촌한강공원,유료,이촌농구(청소년광장), 제한없음,126.96457353990522,37.51990244851704
체육시설,농구장,접수중,2023년 농구장3(인라인장옆)-이촌한강공원,유료,이촌농구장(인라인장옆), 제한없음,126.9722453148366,37.516791253319454
체육시설,농구장,접수중,2023년 농구장4(청소년광장)-이촌한강공원,유료,이촌농구(청소년광장), 제한없음,126.96457353990522,37.51990244851704
체육시설,족구장,접수중,2023년 족구장4 (한강대교 북단 상류)-이촌한강공원,유료,"이촌족구장4,5(한강대교 북단 상류 1,2)", 제한없음,126.96199183842694,37.52090924557722
체육시설,족구장,접수중,2023년 족구장3 (보광나들목2)-이촌한강공원,유료,"이촌족구장2,3(보광나들목1,2)", 제한없음,126.99864178997184,37.520700954336434
체육시설,풋살장,접수중,2023년 풋살경기장(옥수역하부)-이촌한강공원,무료,이촌한강공원>풋살경기장(옥수역하부), 제한없음,127.0204207320261,37.54139654093165
체육시설,풋살장,접수중,2023년 풋살경기장(한남역 방향)-이촌한강공원,무료,이촌 풋살장(한남역방향), 제한없음,127.00652661773576,37.52799457010055
체육시설,족구장,접수중,2023년 족구장8 (원효대교 북단 2)-이촌한강공원,유료,"이촌족구장7,8(원효대교 북단 상류 1,2)", 제한없음,126.95246862030324,37.52919868347372
체육시설,족구장,접수중,2023년 족구장7 (원효대교 북단 1)-이촌한강공원,유료,"이촌족구장7,8(원효대교 북단 상류 1,2)", 제한없음,126.95246862030324,37.52919868347372
체육시설,족구장,접수중,2023년 족구장6 (한강대교 북단 하류)-이촌한강공원,유료,이촌족구장6(한강대교 북단 하류), 제한없음,126.9575995598024,37.521894164294565
체육시설,족구장,접수중,2023년 족구장5 (한강대교 북단 상류)-이촌한강공원,유료,"이촌족구장4,5(한강대교 북단 상류 1,2)", 제한없음,126.96199183842694,37.52090924557722
체육시설,족구장,접수중,2023년 족구장2 (보광나들목1)-이촌한강공원,유료,"이촌족구장2,3(보광나들목1,2)", 제한없음,126.99864178997184,37.520700954336434
체육시설,족구장,접수중,2023년 족구장1 - 이촌한강공원(한남) 농구/족구 경기장(족구장 예약),유료,이촌족구장1(한남), 제한없음,127.00696114704928,37.52817665570038
체육시설,축구장,접수중,2023년 축구장(거북)-이촌한강공원,유료,이촌한강공원>축구장, 제한없음,126.96963722744287,37.51791777122813
체육시설,테니스장,접수종료,삼청테니스장 코트이용(평일),유료,삼청테니스장, 제한없음,126.98281,37.58887
체육시설,테니스장,접수종료,삼청테니스장 코트이용(야간),유료,삼청테니스장, 제한없음,126.98281,37.58887
체육시설,테니스장,접수종료,삼청테니스장 코트이용(주말),유료,삼청테니스장, 제한없음,126.98281,37.58887
체육시설,테니스장,접수종료,삼청테니스장 코트이용(야간),유료,삼청테니스장, 제한없음,126.98281,37.58887
체육시설,테니스장,접수종료,삼청테니스장 코트이용(주말),유료,삼청테니스장, 제한없음,126.98281,37.58887
체육시설,테니스장,접수종료,삼청테니스장 코트이용(평일),유료,삼청테니스장, 제한없음,126.98281,37.58887
체육시설,테니스장,예약마감,삼청테니스장 코트이용(평일),유료,삼청테니스장, 제한없음,126.98281,37.58887
체육시설,테니스장,예약마감,삼청테니스장 코트이용(야간),유료,삼청테니스장, 제한없음,126.98281,37.58887
체육시설,테니스장,예약마감,삼청테니스장 코트이용(주말),유료,삼청테니스장, 제한없음,126.98281,37.58887
체육시설,테니스장,예약마감,삼청테니스장 코트이용(야간),유료,삼청테니스장, 제한없음,126.98281,37.58887
체육시설,테니스장,예약마감,삼청테니스장 코트이용(주말),유료,삼청테니스장, 제한없음,126.98281,37.58887
체육시설,테니스장,예약마감,삼청테니스장 코트이용(평일),유료,삼청테니스장, 제한없음,126.98281,37.58887
체육시설,다목적경기장,접수중,장충체육관 보조체육관(5~6월),유료,장충체육관, 성인,127.00681,37.55822
체육시설,테니스장,예약마감,5월 장충 테니스장 6번코트 (평일야간),유료,장충테니스장, 제한없음,127.00167192962464,37.55400560480704
체육시설,테니스장,예약마감,5월 장충 테니스장 7번코트 (평일야간),유료,장충테니스장, 제한없음,127.00167192962464,37.55400560480704
체육시설,테니스장,예약마감,5월 장충 테니스장 8번코트 (평일야간),유료,장충테니스장, 제한없음,127.00167192962464,37.55400560480704
체육시설,테니스장,예약마감,5월 장충 테니스장 9번코트 (평일야간),유료,장충테니스장, 제한없음,127.00167192962464,37.55400560480704
체육시설,테니스장,예약마감,6월 장충 테니스장 5번코트 (평일야간),유료,장충테니스장, 제한없음,127.00167192962464,37.55400560480704
체육시설,테니스장,예약마감,6월 장충 테니스장 6번코트 (평일야간),유료,장충테니스장, 제한없음,127.00167192962464,37.55400560480704
체육시설,테니스장,예약마감,6월 장충 테니스장 7번코트 (평일야간),유료,장충테니스장, 제한없음,127.00167192962464,37.55400560480704
체육시설,테니스장,예약마감,6월 장충 테니스장 8번코트 (평일야간),유료,장충테니스장, 제한없음,127.00167192962464,37.55400560480704
체육시설,테니스장,예약마감,6월 장충 테니스장 9번코트 (평일야간),유료,장충테니스장, 제한없음,127.00167192962464,37.55400560480704
체육시설,테니스장,예약마감,5월 장충 테니스장 4번코트 (평일주간),유료,장충테니스장, 제한없음,127.00167192962464,37.55400560480704
체육시설,테니스장,예약마감,5월 장충 테니스장 5번코트 (평일주간),유료,장충테니스장, 제한없음,127.00167192962464,37.55400560480704
체육시설,테니스장,예약마감,5월 장충 테니스장 6번코트 (평일주간),유료,장충테니스장, 제한없음,127.00167192962464,37.55400560480704
체육시설,테니스장,예약마감,5월 장충 테니스장 7번코트 (평일주간),유료,장충테니스장, 제한없음,127.00167192962464,37.55400560480704
체육시설,테니스장,예약마감,5월 장충 테니스장 8번코트 (평일주간),유료,장충테니스장, 제한없음,127.00167192962464,37.55400560480704
체육시설,테니스장,예약마감,5월 장충 테니스장 9번코트 (평일주간),유료,장충테니스장, 제한없음,127.00167192962464,37.55400560480704
체육시설,테니스장,예약마감,5월 장충 테니스장 4번코트 (평일야간),유료,장충테니스장, 제한없음,127.00167192962464,37.55400560480704
체육시설,테니스장,예약마감,5월 장충 테니스장 5번코트 (평일야간),유료,장충테니스장, 제한없음,127.00167192962464,37.55400560480704
체육시설,테니스장,예약마감,5월 장충 테니스장 4번코트 (주말),유료,장충테니스장, 제한없음,127.00167192962464,37.55400560480704
체육시설,테니스장,예약마감,5월 장충 테니스장 5번코트 (주말),유료,장충테니스장, 제한없음,127.00167192962464,37.55400560480704
체육시설,테니스장,예약마감,5월 장충 테니스장 6번코트 (주말),유료,장충테니스장, 제한없음,127.00167192962464,37.55400560480704
체육시설,테니스장,예약마감,5월 장충 테니스장 7번코트 (주말),유료,장충테니스장, 제한없음,127.00167192962464,37.55400560480704
체육시설,테니스장,예약마감,5월 장충 테니스장 8번코트 (주말),유료,장충테니스장, 제한없음,127.00167192962464,37.55400560480704
체육시설,테니스장,예약마감,5월 장충 테니스장 9번코트 (주말),유료,장충테니스장, 제한없음,127.00167192962464,37.55400560480704
체육시설,테니스장,예약마감,6월 장충 테니스장 4번코트 (평일주간),유료,장충테니스장, 제한없음,127.00167192962464,37.55400560480704
체육시설,테니스장,예약마감,6월 장충 테니스장 5번코트 (평일주간),유료,장충테니스장, 제한없음,127.00167192962464,37.55400560480704
체육시설,테니스장,예약마감,6월 장충 테니스장 6번코트 (평일주간),유료,장충테니스장, 제한없음,127.00167192962464,37.55400560480704
체육시설,테니스장,예약마감,6월 장충 테니스장 7번코트 (평일주간),유료,장충테니스장, 제한없음,127.00167192962464,37.55400560480704
체육시설,테니스장,예약마감,6월 장충 테니스장 8번코트 (평일주간),유료,장충테니스장, 제한없음,127.00167192962464,37.55400560480704
체육시설,테니스장,예약마감,6월 장충 테니스장 9번코트 (평일주간),유료,장충테니스장, 제한없음,127.00167192962464,37.55400560480704
체육시설,테니스장,예약마감,6월 장충 테니스장 4번코트 (평일야간),유료,장충테니스장, 제한없음,127.00167192962464,37.55400560480704
체육시설,테니스장,예약마감,6월 장충 테니스장 4번코트 (주말),유료,장충테니스장, 제한없음,127.00167192962464,37.55400560480704
체육시설,테니스장,예약마감,6월 장충 테니스장 5번코트 (주말),유료,장충테니스장, 제한없음,127.00167192962464,37.55400560480704
체육시설,테니스장,예약마감,6월 장충 테니스장 6번코트 (주말),유료,장충테니스장, 제한없음,127.00167192962464,37.55400560480704
체육시설,테니스장,예약마감,6월 장충 테니스장 7번코트 (주말),유료,장충테니스장, 제한없음,127.00167192962464,37.55400560480704
체육시설,테니스장,예약마감,6월 장충 테니스장 8번코트 (주말),유료,장충테니스장, 제한없음,127.00167192962464,37.55400560480704
체육시설,테니스장,예약마감,6월 장충 테니스장 9번코트 (주말),유료,장충테니스장, 제한없음,127.00167192962464,37.55400560480704
